"Benchmark","Mode","Threads","Samples","Score","Score Error (99.9%)","Unit","Param: channelCreator","Param: contentionFactor","Param: coroutines","Param: threads"
"benchmarks.ChannelBenchmark.producerConsumer","avgt",1,10,178.410824,8.257592,"ms/op",ELIZAROV_RENDEZVOUS,1,10000,1
"benchmarks.ChannelBenchmark.producerConsumer","avgt",1,10,541.550059,114.884895,"ms/op",ELIZAROV_RENDEZVOUS,1,10000,2
"benchmarks.ChannelBenchmark.producerConsumer","avgt",1,10,643.275362,132.571935,"ms/op",ELIZAROV_RENDEZVOUS,1,10000,4
"benchmarks.ChannelBenchmark.producerConsumer","avgt",1,10,802.564217,175.320434,"ms/op",ELIZAROV_RENDEZVOUS,1,10000,8
"benchmarks.ChannelBenchmark.producerConsumer","avgt",1,10,839.586126,191.417112,"ms/op",ELIZAROV_RENDEZVOUS,1,10000,12
"benchmarks.ChannelBenchmark.producerConsumer","avgt",1,10,1208.297379,202.525210,"ms/op",ELIZAROV_RENDEZVOUS,1,10000,18
"benchmarks.ChannelBenchmark.producerConsumer","avgt",1,10,1393.434058,155.686317,"ms/op",ELIZAROV_RENDEZVOUS,1,10000,24
"benchmarks.ChannelBenchmark.producerConsumer","avgt",1,10,1418.086845,210.854013,"ms/op",ELIZAROV_RENDEZVOUS,1,10000,36
"benchmarks.ChannelBenchmark.producerConsumer","avgt",1,10,1607.311373,103.841270,"ms/op",ELIZAROV_RENDEZVOUS,1,10000,48
"benchmarks.ChannelBenchmark.producerConsumer","avgt",1,10,2310.553918,562.054555,"ms/op",ELIZAROV_RENDEZVOUS,1,10000,72
"benchmarks.ChannelBenchmark.producerConsumer","avgt",1,10,2317.009596,129.816564,"ms/op",ELIZAROV_RENDEZVOUS,1,10000,98
"benchmarks.ChannelBenchmark.producerConsumer","avgt",1,10,2215.962388,201.017104,"ms/op",ELIZAROV_RENDEZVOUS,1,10000,144
"benchmarks.ChannelBenchmark.producerConsumer","avgt",1,10,2764.810447,1041.891645,"ms/op",ELIZAROV_RENDEZVOUS,1,10000,160
"benchmarks.ChannelBenchmark.producerConsumer","avgt",1,10,2308.973196,85.498443,"ms/op",ELIZAROV_RENDEZVOUS,1,10000,200
"benchmarks.ChannelBenchmark.producerConsumer","avgt",1,10,2966.428398,53.003370,"ms/op",ELIZAROV_RENDEZVOUS,1,10000,250
"benchmarks.ChannelBenchmark.producerConsumer","avgt",1,10,174.714157,7.946948,"ms/op",ELIZAROV_RENDEZVOUS,2,10000,1
"benchmarks.ChannelBenchmark.producerConsumer","avgt",1,10,441.322051,63.341700,"ms/op",ELIZAROV_RENDEZVOUS,2,10000,2
"benchmarks.ChannelBenchmark.producerConsumer","avgt",1,10,417.129256,129.637448,"ms/op",ELIZAROV_RENDEZVOUS,2,10000,4
"benchmarks.ChannelBenchmark.producerConsumer","avgt",1,10,425.258500,138.088215,"ms/op",ELIZAROV_RENDEZVOUS,2,10000,8
"benchmarks.ChannelBenchmark.producerConsumer","avgt",1,10,429.988498,143.171191,"ms/op",ELIZAROV_RENDEZVOUS,2,10000,12
"benchmarks.ChannelBenchmark.producerConsumer","avgt",1,10,509.397074,186.862864,"ms/op",ELIZAROV_RENDEZVOUS,2,10000,18
"benchmarks.ChannelBenchmark.producerConsumer","avgt",1,10,690.548272,137.455386,"ms/op",ELIZAROV_RENDEZVOUS,2,10000,24
"benchmarks.ChannelBenchmark.producerConsumer","avgt",1,10,875.724029,139.876083,"ms/op",ELIZAROV_RENDEZVOUS,2,10000,36
"benchmarks.ChannelBenchmark.producerConsumer","avgt",1,10,1040.222067,177.319472,"ms/op",ELIZAROV_RENDEZVOUS,2,10000,48
"benchmarks.ChannelBenchmark.producerConsumer","avgt",1,10,1115.819700,266.911223,"ms/op",ELIZAROV_RENDEZVOUS,2,10000,72
"benchmarks.ChannelBenchmark.producerConsumer","avgt",1,10,1122.429218,192.095761,"ms/op",ELIZAROV_RENDEZVOUS,2,10000,98
"benchmarks.ChannelBenchmark.producerConsumer","avgt",1,10,1497.876656,373.230240,"ms/op",ELIZAROV_RENDEZVOUS,2,10000,144
"benchmarks.ChannelBenchmark.producerConsumer","avgt",1,10,1584.016060,550.685525,"ms/op",ELIZAROV_RENDEZVOUS,2,10000,160
"benchmarks.ChannelBenchmark.producerConsumer","avgt",1,10,1041.351226,32.617801,"ms/op",ELIZAROV_RENDEZVOUS,2,10000,200
"benchmarks.ChannelBenchmark.producerConsumer","avgt",1,10,1082.617295,59.995662,"ms/op",ELIZAROV_RENDEZVOUS,2,10000,250
"benchmarks.ChannelBenchmark.producerConsumer","avgt",1,10,180.890683,7.778894,"ms/op",ELIZAROV_RENDEZVOUS,5,10000,1
"benchmarks.ChannelBenchmark.producerConsumer","avgt",1,10,428.455406,105.537647,"ms/op",ELIZAROV_RENDEZVOUS,5,10000,2
"benchmarks.ChannelBenchmark.producerConsumer","avgt",1,10,365.981461,151.392401,"ms/op",ELIZAROV_RENDEZVOUS,5,10000,4
"benchmarks.ChannelBenchmark.producerConsumer","avgt",1,10,236.240300,34.629426,"ms/op",ELIZAROV_RENDEZVOUS,5,10000,8
"benchmarks.ChannelBenchmark.producerConsumer","avgt",1,10,290.095352,112.335506,"ms/op",ELIZAROV_RENDEZVOUS,5,10000,12
"benchmarks.ChannelBenchmark.producerConsumer","avgt",1,10,268.189725,78.861130,"ms/op",ELIZAROV_RENDEZVOUS,5,10000,18
"benchmarks.ChannelBenchmark.producerConsumer","avgt",1,10,282.436259,76.093650,"ms/op",ELIZAROV_RENDEZVOUS,5,10000,24
"benchmarks.ChannelBenchmark.producerConsumer","avgt",1,10,319.024026,85.213094,"ms/op",ELIZAROV_RENDEZVOUS,5,10000,36
"benchmarks.ChannelBenchmark.producerConsumer","avgt",1,10,364.086494,28.050557,"ms/op",ELIZAROV_RENDEZVOUS,5,10000,48
"benchmarks.ChannelBenchmark.producerConsumer","avgt",1,10,389.680530,41.359086,"ms/op",ELIZAROV_RENDEZVOUS,5,10000,72
"benchmarks.ChannelBenchmark.producerConsumer","avgt",1,10,522.711829,314.259429,"ms/op",ELIZAROV_RENDEZVOUS,5,10000,98
"benchmarks.ChannelBenchmark.producerConsumer","avgt",1,10,464.513103,159.019901,"ms/op",ELIZAROV_RENDEZVOUS,5,10000,144
"benchmarks.ChannelBenchmark.producerConsumer","avgt",1,10,831.109764,100.447554,"ms/op",ELIZAROV_RENDEZVOUS,5,10000,160
"benchmarks.ChannelBenchmark.producerConsumer","avgt",1,10,759.027801,225.089419,"ms/op",ELIZAROV_RENDEZVOUS,5,10000,200
"benchmarks.ChannelBenchmark.producerConsumer","avgt",1,10,688.370391,68.694321,"ms/op",ELIZAROV_RENDEZVOUS,5,10000,250
"benchmarks.ChannelBenchmark.producerConsumer","avgt",1,10,187.566139,8.586919,"ms/op",ELIZAROV_RENDEZVOUS,20,10000,1
"benchmarks.ChannelBenchmark.producerConsumer","avgt",1,10,426.577947,112.588613,"ms/op",ELIZAROV_RENDEZVOUS,20,10000,2
"benchmarks.ChannelBenchmark.producerConsumer","avgt",1,10,274.586417,70.264519,"ms/op",ELIZAROV_RENDEZVOUS,20,10000,4
"benchmarks.ChannelBenchmark.producerConsumer","avgt",1,10,185.224586,53.255895,"ms/op",ELIZAROV_RENDEZVOUS,20,10000,8
"benchmarks.ChannelBenchmark.producerConsumer","avgt",1,10,165.910349,45.902621,"ms/op",ELIZAROV_RENDEZVOUS,20,10000,12
"benchmarks.ChannelBenchmark.producerConsumer","avgt",1,10,169.468758,31.800576,"ms/op",ELIZAROV_RENDEZVOUS,20,10000,18
"benchmarks.ChannelBenchmark.producerConsumer","avgt",1,10,130.676581,42.060479,"ms/op",ELIZAROV_RENDEZVOUS,20,10000,24
"benchmarks.ChannelBenchmark.producerConsumer","avgt",1,10,137.677642,35.475714,"ms/op",ELIZAROV_RENDEZVOUS,20,10000,36
"benchmarks.ChannelBenchmark.producerConsumer","avgt",1,10,175.709110,13.542553,"ms/op",ELIZAROV_RENDEZVOUS,20,10000,48
"benchmarks.ChannelBenchmark.producerConsumer","avgt",1,10,139.898695,9.464860,"ms/op",ELIZAROV_RENDEZVOUS,20,10000,72
"benchmarks.ChannelBenchmark.producerConsumer","avgt",1,10,143.471825,6.603479,"ms/op",ELIZAROV_RENDEZVOUS,20,10000,98
"benchmarks.ChannelBenchmark.producerConsumer","avgt",1,10,144.698380,4.654214,"ms/op",ELIZAROV_RENDEZVOUS,20,10000,144
"benchmarks.ChannelBenchmark.producerConsumer","avgt",1,10,150.112522,12.937428,"ms/op",ELIZAROV_RENDEZVOUS,20,10000,160
"benchmarks.ChannelBenchmark.producerConsumer","avgt",1,10,129.770043,4.422090,"ms/op",ELIZAROV_RENDEZVOUS,20,10000,200
"benchmarks.ChannelBenchmark.producerConsumer","avgt",1,10,144.633765,6.662984,"ms/op",ELIZAROV_RENDEZVOUS,20,10000,250
"benchmarks.ChannelBenchmark.producerConsumer","avgt",1,10,149.244172,4.149641,"ms/op",KOVAL_RENDEZVOUS_SPIN_1,1,10000,1
"benchmarks.ChannelBenchmark.producerConsumer","avgt",1,10,408.685463,102.735362,"ms/op",KOVAL_RENDEZVOUS_SPIN_1,1,10000,2
"benchmarks.ChannelBenchmark.producerConsumer","avgt",1,10,489.163710,118.204737,"ms/op",KOVAL_RENDEZVOUS_SPIN_1,1,10000,4
"benchmarks.ChannelBenchmark.producerConsumer","avgt",1,10,1092.434692,235.194612,"ms/op",KOVAL_RENDEZVOUS_SPIN_1,1,10000,8
"benchmarks.ChannelBenchmark.producerConsumer","avgt",1,10,1902.273653,660.805445,"ms/op",KOVAL_RENDEZVOUS_SPIN_1,1,10000,12
"benchmarks.ChannelBenchmark.producerConsumer","avgt",1,10,3089.895389,937.985869,"ms/op",KOVAL_RENDEZVOUS_SPIN_1,1,10000,18
"benchmarks.ChannelBenchmark.producerConsumer","avgt",1,10,3613.283799,806.824606,"ms/op",KOVAL_RENDEZVOUS_SPIN_1,1,10000,24
"benchmarks.ChannelBenchmark.producerConsumer","avgt",1,10,3152.425930,623.979082,"ms/op",KOVAL_RENDEZVOUS_SPIN_1,1,10000,36
"benchmarks.ChannelBenchmark.producerConsumer","avgt",1,10,7841.515968,1196.308491,"ms/op",KOVAL_RENDEZVOUS_SPIN_1,1,10000,48
"benchmarks.ChannelBenchmark.producerConsumer","avgt",1,10,10373.147388,2322.565922,"ms/op",KOVAL_RENDEZVOUS_SPIN_1,1,10000,72
"benchmarks.ChannelBenchmark.producerConsumer","avgt",1,10,8389.759270,911.700243,"ms/op",KOVAL_RENDEZVOUS_SPIN_1,1,10000,98
"benchmarks.ChannelBenchmark.producerConsumer","avgt",1,10,9437.173159,312.094240,"ms/op",KOVAL_RENDEZVOUS_SPIN_1,1,10000,144
"benchmarks.ChannelBenchmark.producerConsumer","avgt",1,10,10710.835129,292.672194,"ms/op",KOVAL_RENDEZVOUS_SPIN_1,1,10000,160
"benchmarks.ChannelBenchmark.producerConsumer","avgt",1,10,17046.043172,485.727433,"ms/op",KOVAL_RENDEZVOUS_SPIN_1,1,10000,200
"benchmarks.ChannelBenchmark.producerConsumer","avgt",1,10,12769.220728,487.396132,"ms/op",KOVAL_RENDEZVOUS_SPIN_1,1,10000,250
"benchmarks.ChannelBenchmark.producerConsumer","avgt",1,10,155.099021,7.787701,"ms/op",KOVAL_RENDEZVOUS_SPIN_1,2,10000,1
"benchmarks.ChannelBenchmark.producerConsumer","avgt",1,10,406.517145,88.523990,"ms/op",KOVAL_RENDEZVOUS_SPIN_1,2,10000,2
"benchmarks.ChannelBenchmark.producerConsumer","avgt",1,10,355.227137,85.175649,"ms/op",KOVAL_RENDEZVOUS_SPIN_1,2,10000,4
"benchmarks.ChannelBenchmark.producerConsumer","avgt",1,10,565.169593,108.349413,"ms/op",KOVAL_RENDEZVOUS_SPIN_1,2,10000,8
"benchmarks.ChannelBenchmark.producerConsumer","avgt",1,10,996.754732,372.307480,"ms/op",KOVAL_RENDEZVOUS_SPIN_1,2,10000,12
"benchmarks.ChannelBenchmark.producerConsumer","avgt",1,10,1168.456474,301.985954,"ms/op",KOVAL_RENDEZVOUS_SPIN_1,2,10000,18
"benchmarks.ChannelBenchmark.producerConsumer","avgt",1,10,1673.149217,339.682308,"ms/op",KOVAL_RENDEZVOUS_SPIN_1,2,10000,24
"benchmarks.ChannelBenchmark.producerConsumer","avgt",1,10,2361.046710,776.646301,"ms/op",KOVAL_RENDEZVOUS_SPIN_1,2,10000,36
"benchmarks.ChannelBenchmark.producerConsumer","avgt",1,10,3391.390560,765.410479,"ms/op",KOVAL_RENDEZVOUS_SPIN_1,2,10000,48
"benchmarks.ChannelBenchmark.producerConsumer","avgt",1,10,3653.061084,866.026574,"ms/op",KOVAL_RENDEZVOUS_SPIN_1,2,10000,72
"benchmarks.ChannelBenchmark.producerConsumer","avgt",1,10,5621.343084,924.435150,"ms/op",KOVAL_RENDEZVOUS_SPIN_1,2,10000,98
"benchmarks.ChannelBenchmark.producerConsumer","avgt",1,10,7266.115169,603.535146,"ms/op",KOVAL_RENDEZVOUS_SPIN_1,2,10000,144
"benchmarks.ChannelBenchmark.producerConsumer","avgt",1,10,5252.217236,331.356835,"ms/op",KOVAL_RENDEZVOUS_SPIN_1,2,10000,160
"benchmarks.ChannelBenchmark.producerConsumer","avgt",1,10,6502.693549,200.148089,"ms/op",KOVAL_RENDEZVOUS_SPIN_1,2,10000,200
"benchmarks.ChannelBenchmark.producerConsumer","avgt",1,10,7039.561175,459.339760,"ms/op",KOVAL_RENDEZVOUS_SPIN_1,2,10000,250
"benchmarks.ChannelBenchmark.producerConsumer","avgt",1,10,164.379333,7.946509,"ms/op",KOVAL_RENDEZVOUS_SPIN_1,5,10000,1
"benchmarks.ChannelBenchmark.producerConsumer","avgt",1,10,359.291132,94.717253,"ms/op",KOVAL_RENDEZVOUS_SPIN_1,5,10000,2
"benchmarks.ChannelBenchmark.producerConsumer","avgt",1,10,252.476598,44.661649,"ms/op",KOVAL_RENDEZVOUS_SPIN_1,5,10000,4
"benchmarks.ChannelBenchmark.producerConsumer","avgt",1,10,252.392715,52.650714,"ms/op",KOVAL_RENDEZVOUS_SPIN_1,5,10000,8
"benchmarks.ChannelBenchmark.producerConsumer","avgt",1,10,345.744426,66.887759,"ms/op",KOVAL_RENDEZVOUS_SPIN_1,5,10000,12
"benchmarks.ChannelBenchmark.producerConsumer","avgt",1,10,400.094019,123.516592,"ms/op",KOVAL_RENDEZVOUS_SPIN_1,5,10000,18
"benchmarks.ChannelBenchmark.producerConsumer","avgt",1,10,717.058376,284.679916,"ms/op",KOVAL_RENDEZVOUS_SPIN_1,5,10000,24
"benchmarks.ChannelBenchmark.producerConsumer","avgt",1,10,798.443141,208.353601,"ms/op",KOVAL_RENDEZVOUS_SPIN_1,5,10000,36
"benchmarks.ChannelBenchmark.producerConsumer","avgt",1,10,992.327906,226.221284,"ms/op",KOVAL_RENDEZVOUS_SPIN_1,5,10000,48
"benchmarks.ChannelBenchmark.producerConsumer","avgt",1,10,1309.436717,137.026136,"ms/op",KOVAL_RENDEZVOUS_SPIN_1,5,10000,72
"benchmarks.ChannelBenchmark.producerConsumer","avgt",1,10,1830.630443,501.494433,"ms/op",KOVAL_RENDEZVOUS_SPIN_1,5,10000,98
"benchmarks.ChannelBenchmark.producerConsumer","avgt",1,10,2253.242684,408.611205,"ms/op",KOVAL_RENDEZVOUS_SPIN_1,5,10000,144
"benchmarks.ChannelBenchmark.producerConsumer","avgt",1,10,1809.277443,228.542119,"ms/op",KOVAL_RENDEZVOUS_SPIN_1,5,10000,160
"benchmarks.ChannelBenchmark.producerConsumer","avgt",1,10,2529.312825,266.286481,"ms/op",KOVAL_RENDEZVOUS_SPIN_1,5,10000,200
"benchmarks.ChannelBenchmark.producerConsumer","avgt",1,10,2142.248458,179.074777,"ms/op",KOVAL_RENDEZVOUS_SPIN_1,5,10000,250
"benchmarks.ChannelBenchmark.producerConsumer","avgt",1,10,165.835182,9.421532,"ms/op",KOVAL_RENDEZVOUS_SPIN_1,20,10000,1
"benchmarks.ChannelBenchmark.producerConsumer","avgt",1,10,343.628336,55.962465,"ms/op",KOVAL_RENDEZVOUS_SPIN_1,20,10000,2
"benchmarks.ChannelBenchmark.producerConsumer","avgt",1,10,238.934495,95.439985,"ms/op",KOVAL_RENDEZVOUS_SPIN_1,20,10000,4
"benchmarks.ChannelBenchmark.producerConsumer","avgt",1,10,161.678158,56.362750,"ms/op",KOVAL_RENDEZVOUS_SPIN_1,20,10000,8
"benchmarks.ChannelBenchmark.producerConsumer","avgt",1,10,203.546377,77.496537,"ms/op",KOVAL_RENDEZVOUS_SPIN_1,20,10000,12
"benchmarks.ChannelBenchmark.producerConsumer","avgt",1,10,302.528694,100.439563,"ms/op",KOVAL_RENDEZVOUS_SPIN_1,20,10000,18
"benchmarks.ChannelBenchmark.producerConsumer","avgt",1,10,180.505553,57.726892,"ms/op",KOVAL_RENDEZVOUS_SPIN_1,20,10000,24
"benchmarks.ChannelBenchmark.producerConsumer","avgt",1,10,167.350339,50.614780,"ms/op",KOVAL_RENDEZVOUS_SPIN_1,20,10000,36
"benchmarks.ChannelBenchmark.producerConsumer","avgt",1,10,286.861093,80.765457,"ms/op",KOVAL_RENDEZVOUS_SPIN_1,20,10000,48
"benchmarks.ChannelBenchmark.producerConsumer","avgt",1,10,278.102946,47.193771,"ms/op",KOVAL_RENDEZVOUS_SPIN_1,20,10000,72
"benchmarks.ChannelBenchmark.producerConsumer","avgt",1,10,255.329017,26.807052,"ms/op",KOVAL_RENDEZVOUS_SPIN_1,20,10000,98
"benchmarks.ChannelBenchmark.producerConsumer","avgt",1,10,413.103472,85.322769,"ms/op",KOVAL_RENDEZVOUS_SPIN_1,20,10000,144
"benchmarks.ChannelBenchmark.producerConsumer","avgt",1,10,457.201327,91.685866,"ms/op",KOVAL_RENDEZVOUS_SPIN_1,20,10000,160
"benchmarks.ChannelBenchmark.producerConsumer","avgt",1,10,354.499151,103.185625,"ms/op",KOVAL_RENDEZVOUS_SPIN_1,20,10000,200
"benchmarks.ChannelBenchmark.producerConsumer","avgt",1,10,426.366298,73.240869,"ms/op",KOVAL_RENDEZVOUS_SPIN_1,20,10000,250
"benchmarks.ChannelBenchmark.producerConsumer","avgt",1,10,149.139336,2.384321,"ms/op",KOVAL_RENDEZVOUS_SPIN_5,1,10000,1
"benchmarks.ChannelBenchmark.producerConsumer","avgt",1,10,398.282717,68.370054,"ms/op",KOVAL_RENDEZVOUS_SPIN_5,1,10000,2
"benchmarks.ChannelBenchmark.producerConsumer","avgt",1,10,431.230841,106.446599,"ms/op",KOVAL_RENDEZVOUS_SPIN_5,1,10000,4
"benchmarks.ChannelBenchmark.producerConsumer","avgt",1,10,796.173498,207.240779,"ms/op",KOVAL_RENDEZVOUS_SPIN_5,1,10000,8
"benchmarks.ChannelBenchmark.producerConsumer","avgt",1,10,1191.476398,221.602918,"ms/op",KOVAL_RENDEZVOUS_SPIN_5,1,10000,12
"benchmarks.ChannelBenchmark.producerConsumer","avgt",1,10,1610.319484,448.518442,"ms/op",KOVAL_RENDEZVOUS_SPIN_5,1,10000,18
"benchmarks.ChannelBenchmark.producerConsumer","avgt",1,10,2157.118122,512.388297,"ms/op",KOVAL_RENDEZVOUS_SPIN_5,1,10000,24
"benchmarks.ChannelBenchmark.producerConsumer","avgt",1,10,2461.984021,599.635104,"ms/op",KOVAL_RENDEZVOUS_SPIN_5,1,10000,36
"benchmarks.ChannelBenchmark.producerConsumer","avgt",1,10,3265.735995,271.019580,"ms/op",KOVAL_RENDEZVOUS_SPIN_5,1,10000,48
"benchmarks.ChannelBenchmark.producerConsumer","avgt",1,10,3252.297261,886.036619,"ms/op",KOVAL_RENDEZVOUS_SPIN_5,1,10000,72
"benchmarks.ChannelBenchmark.producerConsumer","avgt",1,10,6994.651391,1168.863024,"ms/op",KOVAL_RENDEZVOUS_SPIN_5,1,10000,98
"benchmarks.ChannelBenchmark.producerConsumer","avgt",1,10,7749.140900,392.517645,"ms/op",KOVAL_RENDEZVOUS_SPIN_5,1,10000,144
"benchmarks.ChannelBenchmark.producerConsumer","avgt",1,10,7822.218492,148.859195,"ms/op",KOVAL_RENDEZVOUS_SPIN_5,1,10000,160
"benchmarks.ChannelBenchmark.producerConsumer","avgt",1,10,7964.481626,223.166186,"ms/op",KOVAL_RENDEZVOUS_SPIN_5,1,10000,200
"benchmarks.ChannelBenchmark.producerConsumer","avgt",1,10,8324.614814,246.719513,"ms/op",KOVAL_RENDEZVOUS_SPIN_5,1,10000,250
"benchmarks.ChannelBenchmark.producerConsumer","avgt",1,10,158.998786,1.651271,"ms/op",KOVAL_RENDEZVOUS_SPIN_5,2,10000,1
"benchmarks.ChannelBenchmark.producerConsumer","avgt",1,10,383.128894,51.520342,"ms/op",KOVAL_RENDEZVOUS_SPIN_5,2,10000,2
"benchmarks.ChannelBenchmark.producerConsumer","avgt",1,10,364.609566,143.907632,"ms/op",KOVAL_RENDEZVOUS_SPIN_5,2,10000,4
"benchmarks.ChannelBenchmark.producerConsumer","avgt",1,10,450.101982,175.527974,"ms/op",KOVAL_RENDEZVOUS_SPIN_5,2,10000,8
"benchmarks.ChannelBenchmark.producerConsumer","avgt",1,10,586.832854,223.543308,"ms/op",KOVAL_RENDEZVOUS_SPIN_5,2,10000,12
"benchmarks.ChannelBenchmark.producerConsumer","avgt",1,10,895.846236,137.527875,"ms/op",KOVAL_RENDEZVOUS_SPIN_5,2,10000,18
"benchmarks.ChannelBenchmark.producerConsumer","avgt",1,10,1032.803777,262.065666,"ms/op",KOVAL_RENDEZVOUS_SPIN_5,2,10000,24
"benchmarks.ChannelBenchmark.producerConsumer","avgt",1,10,1244.428181,211.595592,"ms/op",KOVAL_RENDEZVOUS_SPIN_5,2,10000,36
"benchmarks.ChannelBenchmark.producerConsumer","avgt",1,10,1289.037407,133.046787,"ms/op",KOVAL_RENDEZVOUS_SPIN_5,2,10000,48
"benchmarks.ChannelBenchmark.producerConsumer","avgt",1,10,2124.232768,333.476378,"ms/op",KOVAL_RENDEZVOUS_SPIN_5,2,10000,72
"benchmarks.ChannelBenchmark.producerConsumer","avgt",1,10,2380.899271,453.842129,"ms/op",KOVAL_RENDEZVOUS_SPIN_5,2,10000,98
"benchmarks.ChannelBenchmark.producerConsumer","avgt",1,10,3887.119635,183.096470,"ms/op",KOVAL_RENDEZVOUS_SPIN_5,2,10000,144
"benchmarks.ChannelBenchmark.producerConsumer","avgt",1,10,3293.225447,119.448129,"ms/op",KOVAL_RENDEZVOUS_SPIN_5,2,10000,160
"benchmarks.ChannelBenchmark.producerConsumer","avgt",1,10,3956.141779,297.822238,"ms/op",KOVAL_RENDEZVOUS_SPIN_5,2,10000,200
"benchmarks.ChannelBenchmark.producerConsumer","avgt",1,10,4034.979732,154.655032,"ms/op",KOVAL_RENDEZVOUS_SPIN_5,2,10000,250
"benchmarks.ChannelBenchmark.producerConsumer","avgt",1,10,157.750322,5.182452,"ms/op",KOVAL_RENDEZVOUS_SPIN_5,5,10000,1
"benchmarks.ChannelBenchmark.producerConsumer","avgt",1,10,366.886760,70.713577,"ms/op",KOVAL_RENDEZVOUS_SPIN_5,5,10000,2
"benchmarks.ChannelBenchmark.producerConsumer","avgt",1,10,236.331713,49.907355,"ms/op",KOVAL_RENDEZVOUS_SPIN_5,5,10000,4
"benchmarks.ChannelBenchmark.producerConsumer","avgt",1,10,206.147098,66.605911,"ms/op",KOVAL_RENDEZVOUS_SPIN_5,5,10000,8
"benchmarks.ChannelBenchmark.producerConsumer","avgt",1,10,262.351466,107.865102,"ms/op",KOVAL_RENDEZVOUS_SPIN_5,5,10000,12
"benchmarks.ChannelBenchmark.producerConsumer","avgt",1,10,326.192714,137.758515,"ms/op",KOVAL_RENDEZVOUS_SPIN_5,5,10000,18
"benchmarks.ChannelBenchmark.producerConsumer","avgt",1,10,303.160169,100.666038,"ms/op",KOVAL_RENDEZVOUS_SPIN_5,5,10000,24
"benchmarks.ChannelBenchmark.producerConsumer","avgt",1,10,513.165353,59.491165,"ms/op",KOVAL_RENDEZVOUS_SPIN_5,5,10000,36
"benchmarks.ChannelBenchmark.producerConsumer","avgt",1,10,663.338474,150.853100,"ms/op",KOVAL_RENDEZVOUS_SPIN_5,5,10000,48
"benchmarks.ChannelBenchmark.producerConsumer","avgt",1,10,651.311200,57.732153,"ms/op",KOVAL_RENDEZVOUS_SPIN_5,5,10000,72
"benchmarks.ChannelBenchmark.producerConsumer","avgt",1,10,1115.108409,104.578927,"ms/op",KOVAL_RENDEZVOUS_SPIN_5,5,10000,98
"benchmarks.ChannelBenchmark.producerConsumer","avgt",1,10,1166.008541,178.245908,"ms/op",KOVAL_RENDEZVOUS_SPIN_5,5,10000,144
"benchmarks.ChannelBenchmark.producerConsumer","avgt",1,10,1266.507798,186.499080,"ms/op",KOVAL_RENDEZVOUS_SPIN_5,5,10000,160
"benchmarks.ChannelBenchmark.producerConsumer","avgt",1,10,1315.628558,191.013734,"ms/op",KOVAL_RENDEZVOUS_SPIN_5,5,10000,200
"benchmarks.ChannelBenchmark.producerConsumer","avgt",1,10,1468.412368,149.064158,"ms/op",KOVAL_RENDEZVOUS_SPIN_5,5,10000,250
"benchmarks.ChannelBenchmark.producerConsumer","avgt",1,10,167.784021,3.869517,"ms/op",KOVAL_RENDEZVOUS_SPIN_5,20,10000,1
"benchmarks.ChannelBenchmark.producerConsumer","avgt",1,10,331.096478,52.461452,"ms/op",KOVAL_RENDEZVOUS_SPIN_5,20,10000,2
"benchmarks.ChannelBenchmark.producerConsumer","avgt",1,10,247.990745,122.021919,"ms/op",KOVAL_RENDEZVOUS_SPIN_5,20,10000,4
"benchmarks.ChannelBenchmark.producerConsumer","avgt",1,10,148.984375,48.108042,"ms/op",KOVAL_RENDEZVOUS_SPIN_5,20,10000,8
"benchmarks.ChannelBenchmark.producerConsumer","avgt",1,10,182.655386,30.567157,"ms/op",KOVAL_RENDEZVOUS_SPIN_5,20,10000,12
"benchmarks.ChannelBenchmark.producerConsumer","avgt",1,10,190.653539,30.792698,"ms/op",KOVAL_RENDEZVOUS_SPIN_5,20,10000,18
"benchmarks.ChannelBenchmark.producerConsumer","avgt",1,10,134.206822,25.504550,"ms/op",KOVAL_RENDEZVOUS_SPIN_5,20,10000,24
"benchmarks.ChannelBenchmark.producerConsumer","avgt",1,10,140.622466,36.140049,"ms/op",KOVAL_RENDEZVOUS_SPIN_5,20,10000,36
"benchmarks.ChannelBenchmark.producerConsumer","avgt",1,10,148.396313,13.837688,"ms/op",KOVAL_RENDEZVOUS_SPIN_5,20,10000,48
"benchmarks.ChannelBenchmark.producerConsumer","avgt",1,10,160.947640,9.473391,"ms/op",KOVAL_RENDEZVOUS_SPIN_5,20,10000,72
"benchmarks.ChannelBenchmark.producerConsumer","avgt",1,10,172.672397,17.693037,"ms/op",KOVAL_RENDEZVOUS_SPIN_5,20,10000,98
"benchmarks.ChannelBenchmark.producerConsumer","avgt",1,10,190.736163,24.460849,"ms/op",KOVAL_RENDEZVOUS_SPIN_5,20,10000,144
"benchmarks.ChannelBenchmark.producerConsumer","avgt",1,10,215.041153,25.035714,"ms/op",KOVAL_RENDEZVOUS_SPIN_5,20,10000,160
"benchmarks.ChannelBenchmark.producerConsumer","avgt",1,10,194.548092,19.071435,"ms/op",KOVAL_RENDEZVOUS_SPIN_5,20,10000,200
"benchmarks.ChannelBenchmark.producerConsumer","avgt",1,10,199.141397,20.957189,"ms/op",KOVAL_RENDEZVOUS_SPIN_5,20,10000,250
"benchmarks.ChannelBenchmark.producerConsumer","avgt",1,10,149.698797,22.722509,"ms/op",KOVAL_RENDEZVOUS_SPIN_20,1,10000,1
"benchmarks.ChannelBenchmark.producerConsumer","avgt",1,10,397.394562,96.345475,"ms/op",KOVAL_RENDEZVOUS_SPIN_20,1,10000,2
"benchmarks.ChannelBenchmark.producerConsumer","avgt",1,10,458.346790,210.426774,"ms/op",KOVAL_RENDEZVOUS_SPIN_20,1,10000,4
"benchmarks.ChannelBenchmark.producerConsumer","avgt",1,10,646.348972,178.432887,"ms/op",KOVAL_RENDEZVOUS_SPIN_20,1,10000,8
"benchmarks.ChannelBenchmark.producerConsumer","avgt",1,10,920.686158,324.926890,"ms/op",KOVAL_RENDEZVOUS_SPIN_20,1,10000,12
"benchmarks.ChannelBenchmark.producerConsumer","avgt",1,10,1362.726131,419.816666,"ms/op",KOVAL_RENDEZVOUS_SPIN_20,1,10000,18
"benchmarks.ChannelBenchmark.producerConsumer","avgt",1,10,1711.050336,210.923741,"ms/op",KOVAL_RENDEZVOUS_SPIN_20,1,10000,24
"benchmarks.ChannelBenchmark.producerConsumer","avgt",1,10,2139.866043,393.596825,"ms/op",KOVAL_RENDEZVOUS_SPIN_20,1,10000,36
"benchmarks.ChannelBenchmark.producerConsumer","avgt",1,10,2676.430066,253.490868,"ms/op",KOVAL_RENDEZVOUS_SPIN_20,1,10000,48
"benchmarks.ChannelBenchmark.producerConsumer","avgt",1,10,3322.046109,720.155174,"ms/op",KOVAL_RENDEZVOUS_SPIN_20,1,10000,72
"benchmarks.ChannelBenchmark.producerConsumer","avgt",1,10,4751.717106,1057.321559,"ms/op",KOVAL_RENDEZVOUS_SPIN_20,1,10000,98
"benchmarks.ChannelBenchmark.producerConsumer","avgt",1,10,5738.465571,184.773778,"ms/op",KOVAL_RENDEZVOUS_SPIN_20,1,10000,144
"benchmarks.ChannelBenchmark.producerConsumer","avgt",1,10,5983.393119,210.146625,"ms/op",KOVAL_RENDEZVOUS_SPIN_20,1,10000,160
"benchmarks.ChannelBenchmark.producerConsumer","avgt",1,10,5826.720769,165.642268,"ms/op",KOVAL_RENDEZVOUS_SPIN_20,1,10000,200
"benchmarks.ChannelBenchmark.producerConsumer","avgt",1,10,6023.412986,140.146667,"ms/op",KOVAL_RENDEZVOUS_SPIN_20,1,10000,250
"benchmarks.ChannelBenchmark.producerConsumer","avgt",1,10,151.757595,3.743914,"ms/op",KOVAL_RENDEZVOUS_SPIN_20,2,10000,1
"benchmarks.ChannelBenchmark.producerConsumer","avgt",1,10,384.774558,66.997948,"ms/op",KOVAL_RENDEZVOUS_SPIN_20,2,10000,2
"benchmarks.ChannelBenchmark.producerConsumer","avgt",1,10,310.819221,82.555049,"ms/op",KOVAL_RENDEZVOUS_SPIN_20,2,10000,4
"benchmarks.ChannelBenchmark.producerConsumer","avgt",1,10,382.217815,169.894057,"ms/op",KOVAL_RENDEZVOUS_SPIN_20,2,10000,8
"benchmarks.ChannelBenchmark.producerConsumer","avgt",1,10,452.342440,140.134875,"ms/op",KOVAL_RENDEZVOUS_SPIN_20,2,10000,12
"benchmarks.ChannelBenchmark.producerConsumer","avgt",1,10,652.855582,217.679823,"ms/op",KOVAL_RENDEZVOUS_SPIN_20,2,10000,18
"benchmarks.ChannelBenchmark.producerConsumer","avgt",1,10,784.017941,295.615878,"ms/op",KOVAL_RENDEZVOUS_SPIN_20,2,10000,24
"benchmarks.ChannelBenchmark.producerConsumer","avgt",1,10,978.065105,192.192065,"ms/op",KOVAL_RENDEZVOUS_SPIN_20,2,10000,36
"benchmarks.ChannelBenchmark.producerConsumer","avgt",1,10,1357.522378,173.642233,"ms/op",KOVAL_RENDEZVOUS_SPIN_20,2,10000,48
"benchmarks.ChannelBenchmark.producerConsumer","avgt",1,10,1521.886496,339.287329,"ms/op",KOVAL_RENDEZVOUS_SPIN_20,2,10000,72
"benchmarks.ChannelBenchmark.producerConsumer","avgt",1,10,2180.627214,484.860033,"ms/op",KOVAL_RENDEZVOUS_SPIN_20,2,10000,98
"benchmarks.ChannelBenchmark.producerConsumer","avgt",1,10,2937.019265,184.755638,"ms/op",KOVAL_RENDEZVOUS_SPIN_20,2,10000,144
"benchmarks.ChannelBenchmark.producerConsumer","avgt",1,10,2925.733227,189.422508,"ms/op",KOVAL_RENDEZVOUS_SPIN_20,2,10000,160
"benchmarks.ChannelBenchmark.producerConsumer","avgt",1,10,2646.835174,234.637097,"ms/op",KOVAL_RENDEZVOUS_SPIN_20,2,10000,200
"benchmarks.ChannelBenchmark.producerConsumer","avgt",1,10,2712.092931,157.684358,"ms/op",KOVAL_RENDEZVOUS_SPIN_20,2,10000,250
"benchmarks.ChannelBenchmark.producerConsumer","avgt",1,10,162.212558,4.605611,"ms/op",KOVAL_RENDEZVOUS_SPIN_20,5,10000,1
"benchmarks.ChannelBenchmark.producerConsumer","avgt",1,10,353.033433,77.807901,"ms/op",KOVAL_RENDEZVOUS_SPIN_20,5,10000,2
"benchmarks.ChannelBenchmark.producerConsumer","avgt",1,10,258.703475,78.605038,"ms/op",KOVAL_RENDEZVOUS_SPIN_20,5,10000,4
"benchmarks.ChannelBenchmark.producerConsumer","avgt",1,10,178.386665,34.909587,"ms/op",KOVAL_RENDEZVOUS_SPIN_20,5,10000,8
"benchmarks.ChannelBenchmark.producerConsumer","avgt",1,10,192.906339,28.302530,"ms/op",KOVAL_RENDEZVOUS_SPIN_20,5,10000,12
"benchmarks.ChannelBenchmark.producerConsumer","avgt",1,10,280.895933,82.997117,"ms/op",KOVAL_RENDEZVOUS_SPIN_20,5,10000,18
"benchmarks.ChannelBenchmark.producerConsumer","avgt",1,10,268.946029,95.055567,"ms/op",KOVAL_RENDEZVOUS_SPIN_20,5,10000,24
"benchmarks.ChannelBenchmark.producerConsumer","avgt",1,10,417.039991,64.342940,"ms/op",KOVAL_RENDEZVOUS_SPIN_20,5,10000,36
"benchmarks.ChannelBenchmark.producerConsumer","avgt",1,10,505.652783,60.558889,"ms/op",KOVAL_RENDEZVOUS_SPIN_20,5,10000,48
"benchmarks.ChannelBenchmark.producerConsumer","avgt",1,10,537.215462,91.023549,"ms/op",KOVAL_RENDEZVOUS_SPIN_20,5,10000,72
"benchmarks.ChannelBenchmark.producerConsumer","avgt",1,10,727.423650,100.369424,"ms/op",KOVAL_RENDEZVOUS_SPIN_20,5,10000,98
"benchmarks.ChannelBenchmark.producerConsumer","avgt",1,10,934.181525,120.152078,"ms/op",KOVAL_RENDEZVOUS_SPIN_20,5,10000,144
"benchmarks.ChannelBenchmark.producerConsumer","avgt",1,10,1017.167456,64.569275,"ms/op",KOVAL_RENDEZVOUS_SPIN_20,5,10000,160
"benchmarks.ChannelBenchmark.producerConsumer","avgt",1,10,1079.711744,70.257900,"ms/op",KOVAL_RENDEZVOUS_SPIN_20,5,10000,200
"benchmarks.ChannelBenchmark.producerConsumer","avgt",1,10,1020.341154,90.363091,"ms/op",KOVAL_RENDEZVOUS_SPIN_20,5,10000,250
"benchmarks.ChannelBenchmark.producerConsumer","avgt",1,10,165.720148,5.302882,"ms/op",KOVAL_RENDEZVOUS_SPIN_20,20,10000,1
"benchmarks.ChannelBenchmark.producerConsumer","avgt",1,10,396.434555,34.414259,"ms/op",KOVAL_RENDEZVOUS_SPIN_20,20,10000,2
"benchmarks.ChannelBenchmark.producerConsumer","avgt",1,10,222.652307,41.973963,"ms/op",KOVAL_RENDEZVOUS_SPIN_20,20,10000,4
"benchmarks.ChannelBenchmark.producerConsumer","avgt",1,10,133.069245,38.382343,"ms/op",KOVAL_RENDEZVOUS_SPIN_20,20,10000,8
"benchmarks.ChannelBenchmark.producerConsumer","avgt",1,10,142.225453,33.917240,"ms/op",KOVAL_RENDEZVOUS_SPIN_20,20,10000,12
"benchmarks.ChannelBenchmark.producerConsumer","avgt",1,10,168.025043,74.409050,"ms/op",KOVAL_RENDEZVOUS_SPIN_20,20,10000,18
"benchmarks.ChannelBenchmark.producerConsumer","avgt",1,10,110.853384,38.178288,"ms/op",KOVAL_RENDEZVOUS_SPIN_20,20,10000,24
"benchmarks.ChannelBenchmark.producerConsumer","avgt",1,10,118.032880,48.299962,"ms/op",KOVAL_RENDEZVOUS_SPIN_20,20,10000,36
"benchmarks.ChannelBenchmark.producerConsumer","avgt",1,10,144.392137,4.106697,"ms/op",KOVAL_RENDEZVOUS_SPIN_20,20,10000,48
"benchmarks.ChannelBenchmark.producerConsumer","avgt",1,10,123.954408,10.525662,"ms/op",KOVAL_RENDEZVOUS_SPIN_20,20,10000,72
"benchmarks.ChannelBenchmark.producerConsumer","avgt",1,10,134.752702,13.358627,"ms/op",KOVAL_RENDEZVOUS_SPIN_20,20,10000,98
"benchmarks.ChannelBenchmark.producerConsumer","avgt",1,10,160.807268,14.947669,"ms/op",KOVAL_RENDEZVOUS_SPIN_20,20,10000,144
"benchmarks.ChannelBenchmark.producerConsumer","avgt",1,10,146.623145,9.031594,"ms/op",KOVAL_RENDEZVOUS_SPIN_20,20,10000,160
"benchmarks.ChannelBenchmark.producerConsumer","avgt",1,10,165.626382,15.927435,"ms/op",KOVAL_RENDEZVOUS_SPIN_20,20,10000,200
"benchmarks.ChannelBenchmark.producerConsumer","avgt",1,10,157.961424,16.419904,"ms/op",KOVAL_RENDEZVOUS_SPIN_20,20,10000,250
"benchmarks.ChannelBenchmark.producerConsumer","avgt",1,10,152.517777,9.596366,"ms/op",KOVAL_RENDEZVOUS_SPIN_50,1,10000,1
"benchmarks.ChannelBenchmark.producerConsumer","avgt",1,10,438.122160,307.668355,"ms/op",KOVAL_RENDEZVOUS_SPIN_50,1,10000,2
"benchmarks.ChannelBenchmark.producerConsumer","avgt",1,10,421.633717,126.903552,"ms/op",KOVAL_RENDEZVOUS_SPIN_50,1,10000,4
"benchmarks.ChannelBenchmark.producerConsumer","avgt",1,10,483.271250,81.835548,"ms/op",KOVAL_RENDEZVOUS_SPIN_50,1,10000,8
"benchmarks.ChannelBenchmark.producerConsumer","avgt",1,10,891.117565,297.292748,"ms/op",KOVAL_RENDEZVOUS_SPIN_50,1,10000,12
"benchmarks.ChannelBenchmark.producerConsumer","avgt",1,10,1207.194932,336.908859,"ms/op",KOVAL_RENDEZVOUS_SPIN_50,1,10000,18
"benchmarks.ChannelBenchmark.producerConsumer","avgt",1,10,1630.642306,216.972579,"ms/op",KOVAL_RENDEZVOUS_SPIN_50,1,10000,24
"benchmarks.ChannelBenchmark.producerConsumer","avgt",1,10,1709.212778,368.584056,"ms/op",KOVAL_RENDEZVOUS_SPIN_50,1,10000,36
"benchmarks.ChannelBenchmark.producerConsumer","avgt",1,10,2170.008422,175.855323,"ms/op",KOVAL_RENDEZVOUS_SPIN_50,1,10000,48
"benchmarks.ChannelBenchmark.producerConsumer","avgt",1,10,2659.524616,540.729924,"ms/op",KOVAL_RENDEZVOUS_SPIN_50,1,10000,72
"benchmarks.ChannelBenchmark.producerConsumer","avgt",1,10,3567.661352,585.775736,"ms/op",KOVAL_RENDEZVOUS_SPIN_50,1,10000,98
"benchmarks.ChannelBenchmark.producerConsumer","avgt",1,10,4198.464450,184.215627,"ms/op",KOVAL_RENDEZVOUS_SPIN_50,1,10000,144
"benchmarks.ChannelBenchmark.producerConsumer","avgt",1,10,4142.744078,94.857196,"ms/op",KOVAL_RENDEZVOUS_SPIN_50,1,10000,160
"benchmarks.ChannelBenchmark.producerConsumer","avgt",1,10,4420.548065,124.531638,"ms/op",KOVAL_RENDEZVOUS_SPIN_50,1,10000,200
"benchmarks.ChannelBenchmark.producerConsumer","avgt",1,10,4417.732132,139.105050,"ms/op",KOVAL_RENDEZVOUS_SPIN_50,1,10000,250
"benchmarks.ChannelBenchmark.producerConsumer","avgt",1,10,156.054880,6.082490,"ms/op",KOVAL_RENDEZVOUS_SPIN_50,2,10000,1
"benchmarks.ChannelBenchmark.producerConsumer","avgt",1,10,387.314614,115.832896,"ms/op",KOVAL_RENDEZVOUS_SPIN_50,2,10000,2
"benchmarks.ChannelBenchmark.producerConsumer","avgt",1,10,294.443016,56.626523,"ms/op",KOVAL_RENDEZVOUS_SPIN_50,2,10000,4
"benchmarks.ChannelBenchmark.producerConsumer","avgt",1,10,259.661285,43.814233,"ms/op",KOVAL_RENDEZVOUS_SPIN_50,2,10000,8
"benchmarks.ChannelBenchmark.producerConsumer","avgt",1,10,388.161621,112.701610,"ms/op",KOVAL_RENDEZVOUS_SPIN_50,2,10000,12
"benchmarks.ChannelBenchmark.producerConsumer","avgt",1,10,563.248294,165.904963,"ms/op",KOVAL_RENDEZVOUS_SPIN_50,2,10000,18
"benchmarks.ChannelBenchmark.producerConsumer","avgt",1,10,786.634953,179.203128,"ms/op",KOVAL_RENDEZVOUS_SPIN_50,2,10000,24
"benchmarks.ChannelBenchmark.producerConsumer","avgt",1,10,867.996103,127.003365,"ms/op",KOVAL_RENDEZVOUS_SPIN_50,2,10000,36
"benchmarks.ChannelBenchmark.producerConsumer","avgt",1,10,1102.057228,59.497990,"ms/op",KOVAL_RENDEZVOUS_SPIN_50,2,10000,48
"benchmarks.ChannelBenchmark.producerConsumer","avgt",1,10,1276.267187,184.532415,"ms/op",KOVAL_RENDEZVOUS_SPIN_50,2,10000,72
"benchmarks.ChannelBenchmark.producerConsumer","avgt",1,10,1663.118694,289.267105,"ms/op",KOVAL_RENDEZVOUS_SPIN_50,2,10000,98
"benchmarks.ChannelBenchmark.producerConsumer","avgt",1,10,2015.515440,84.950178,"ms/op",KOVAL_RENDEZVOUS_SPIN_50,2,10000,144
"benchmarks.ChannelBenchmark.producerConsumer","avgt",1,10,2023.071922,180.338194,"ms/op",KOVAL_RENDEZVOUS_SPIN_50,2,10000,160
"benchmarks.ChannelBenchmark.producerConsumer","avgt",1,10,2208.460771,131.102911,"ms/op",KOVAL_RENDEZVOUS_SPIN_50,2,10000,200
"benchmarks.ChannelBenchmark.producerConsumer","avgt",1,10,2167.199760,104.301012,"ms/op",KOVAL_RENDEZVOUS_SPIN_50,2,10000,250
"benchmarks.ChannelBenchmark.producerConsumer","avgt",1,10,159.088831,6.964599,"ms/op",KOVAL_RENDEZVOUS_SPIN_50,5,10000,1
"benchmarks.ChannelBenchmark.producerConsumer","avgt",1,10,341.506836,74.633124,"ms/op",KOVAL_RENDEZVOUS_SPIN_50,5,10000,2
"benchmarks.ChannelBenchmark.producerConsumer","avgt",1,10,250.253576,101.704423,"ms/op",KOVAL_RENDEZVOUS_SPIN_50,5,10000,4
"benchmarks.ChannelBenchmark.producerConsumer","avgt",1,10,174.062804,69.053982,"ms/op",KOVAL_RENDEZVOUS_SPIN_50,5,10000,8
"benchmarks.ChannelBenchmark.producerConsumer","avgt",1,10,209.393649,82.274088,"ms/op",KOVAL_RENDEZVOUS_SPIN_50,5,10000,12
"benchmarks.ChannelBenchmark.producerConsumer","avgt",1,10,228.204741,87.265503,"ms/op",KOVAL_RENDEZVOUS_SPIN_50,5,10000,18
"benchmarks.ChannelBenchmark.producerConsumer","avgt",1,10,259.594291,75.157837,"ms/op",KOVAL_RENDEZVOUS_SPIN_50,5,10000,24
"benchmarks.ChannelBenchmark.producerConsumer","avgt",1,10,342.389515,90.520794,"ms/op",KOVAL_RENDEZVOUS_SPIN_50,5,10000,36
"benchmarks.ChannelBenchmark.producerConsumer","avgt",1,10,399.622132,52.758374,"ms/op",KOVAL_RENDEZVOUS_SPIN_50,5,10000,48
"benchmarks.ChannelBenchmark.producerConsumer","avgt",1,10,485.729616,31.735423,"ms/op",KOVAL_RENDEZVOUS_SPIN_50,5,10000,72
"benchmarks.ChannelBenchmark.producerConsumer","avgt",1,10,582.390901,84.848768,"ms/op",KOVAL_RENDEZVOUS_SPIN_50,5,10000,98
"benchmarks.ChannelBenchmark.producerConsumer","avgt",1,10,724.119744,74.862389,"ms/op",KOVAL_RENDEZVOUS_SPIN_50,5,10000,144
"benchmarks.ChannelBenchmark.producerConsumer","avgt",1,10,707.890342,90.529362,"ms/op",KOVAL_RENDEZVOUS_SPIN_50,5,10000,160
"benchmarks.ChannelBenchmark.producerConsumer","avgt",1,10,759.680922,72.836909,"ms/op",KOVAL_RENDEZVOUS_SPIN_50,5,10000,200
"benchmarks.ChannelBenchmark.producerConsumer","avgt",1,10,764.064544,68.393033,"ms/op",KOVAL_RENDEZVOUS_SPIN_50,5,10000,250
"benchmarks.ChannelBenchmark.producerConsumer","avgt",1,10,163.036567,11.975871,"ms/op",KOVAL_RENDEZVOUS_SPIN_50,20,10000,1
"benchmarks.ChannelBenchmark.producerConsumer","avgt",1,10,388.062208,95.490402,"ms/op",KOVAL_RENDEZVOUS_SPIN_50,20,10000,2
"benchmarks.ChannelBenchmark.producerConsumer","avgt",1,10,223.268816,64.159344,"ms/op",KOVAL_RENDEZVOUS_SPIN_50,20,10000,4
"benchmarks.ChannelBenchmark.producerConsumer","avgt",1,10,134.131771,49.306106,"ms/op",KOVAL_RENDEZVOUS_SPIN_50,20,10000,8
"benchmarks.ChannelBenchmark.producerConsumer","avgt",1,10,116.410266,17.859859,"ms/op",KOVAL_RENDEZVOUS_SPIN_50,20,10000,12
"benchmarks.ChannelBenchmark.producerConsumer","avgt",1,10,154.387679,61.506635,"ms/op",KOVAL_RENDEZVOUS_SPIN_50,20,10000,18
"benchmarks.ChannelBenchmark.producerConsumer","avgt",1,10,98.306556,13.331156,"ms/op",KOVAL_RENDEZVOUS_SPIN_50,20,10000,24
"benchmarks.ChannelBenchmark.producerConsumer","avgt",1,10,103.714507,29.779375,"ms/op",KOVAL_RENDEZVOUS_SPIN_50,20,10000,36
"benchmarks.ChannelBenchmark.producerConsumer","avgt",1,10,101.593182,9.812543,"ms/op",KOVAL_RENDEZVOUS_SPIN_50,20,10000,48
"benchmarks.ChannelBenchmark.producerConsumer","avgt",1,10,112.216050,9.172331,"ms/op",KOVAL_RENDEZVOUS_SPIN_50,20,10000,72
"benchmarks.ChannelBenchmark.producerConsumer","avgt",1,10,113.648088,5.131542,"ms/op",KOVAL_RENDEZVOUS_SPIN_50,20,10000,98
"benchmarks.ChannelBenchmark.producerConsumer","avgt",1,10,122.086524,4.349297,"ms/op",KOVAL_RENDEZVOUS_SPIN_50,20,10000,144
"benchmarks.ChannelBenchmark.producerConsumer","avgt",1,10,133.382803,41.282304,"ms/op",KOVAL_RENDEZVOUS_SPIN_50,20,10000,160
"benchmarks.ChannelBenchmark.producerConsumer","avgt",1,10,128.383732,6.872316,"ms/op",KOVAL_RENDEZVOUS_SPIN_50,20,10000,200
"benchmarks.ChannelBenchmark.producerConsumer","avgt",1,10,125.732055,4.273736,"ms/op",KOVAL_RENDEZVOUS_SPIN_50,20,10000,250
"benchmarks.ChannelBenchmark.producerConsumer","avgt",1,10,148.484039,0.991963,"ms/op",KOVAL_RENDEZVOUS_SPIN_75,1,10000,1
"benchmarks.ChannelBenchmark.producerConsumer","avgt",1,10,395.601388,71.105459,"ms/op",KOVAL_RENDEZVOUS_SPIN_75,1,10000,2
"benchmarks.ChannelBenchmark.producerConsumer","avgt",1,10,419.725698,54.876002,"ms/op",KOVAL_RENDEZVOUS_SPIN_75,1,10000,4
"benchmarks.ChannelBenchmark.producerConsumer","avgt",1,10,472.316351,120.952380,"ms/op",KOVAL_RENDEZVOUS_SPIN_75,1,10000,8
"benchmarks.ChannelBenchmark.producerConsumer","avgt",1,10,669.824798,151.267858,"ms/op",KOVAL_RENDEZVOUS_SPIN_75,1,10000,12
"benchmarks.ChannelBenchmark.producerConsumer","avgt",1,10,1204.361410,243.106735,"ms/op",KOVAL_RENDEZVOUS_SPIN_75,1,10000,18
"benchmarks.ChannelBenchmark.producerConsumer","avgt",1,10,1388.770368,358.351391,"ms/op",KOVAL_RENDEZVOUS_SPIN_75,1,10000,24
"benchmarks.ChannelBenchmark.producerConsumer","avgt",1,10,1780.530554,358.350612,"ms/op",KOVAL_RENDEZVOUS_SPIN_75,1,10000,36
"benchmarks.ChannelBenchmark.producerConsumer","avgt",1,10,1961.115307,128.913941,"ms/op",KOVAL_RENDEZVOUS_SPIN_75,1,10000,48
"benchmarks.ChannelBenchmark.producerConsumer","avgt",1,10,2726.670261,510.521653,"ms/op",KOVAL_RENDEZVOUS_SPIN_75,1,10000,72
"benchmarks.ChannelBenchmark.producerConsumer","avgt",1,10,3282.683274,546.007719,"ms/op",KOVAL_RENDEZVOUS_SPIN_75,1,10000,98
"benchmarks.ChannelBenchmark.producerConsumer","avgt",1,10,3687.229692,125.492844,"ms/op",KOVAL_RENDEZVOUS_SPIN_75,1,10000,144
"benchmarks.ChannelBenchmark.producerConsumer","avgt",1,10,3840.905289,128.562598,"ms/op",KOVAL_RENDEZVOUS_SPIN_75,1,10000,160
"benchmarks.ChannelBenchmark.producerConsumer","avgt",1,10,3715.167384,134.691955,"ms/op",KOVAL_RENDEZVOUS_SPIN_75,1,10000,200
"benchmarks.ChannelBenchmark.producerConsumer","avgt",1,10,3796.012741,92.975908,"ms/op",KOVAL_RENDEZVOUS_SPIN_75,1,10000,250
"benchmarks.ChannelBenchmark.producerConsumer","avgt",1,10,153.610110,3.821727,"ms/op",KOVAL_RENDEZVOUS_SPIN_75,2,10000,1
"benchmarks.ChannelBenchmark.producerConsumer","avgt",1,10,382.865502,32.254916,"ms/op",KOVAL_RENDEZVOUS_SPIN_75,2,10000,2
"benchmarks.ChannelBenchmark.producerConsumer","avgt",1,10,292.709226,53.206738,"ms/op",KOVAL_RENDEZVOUS_SPIN_75,2,10000,4
"benchmarks.ChannelBenchmark.producerConsumer","avgt",1,10,235.099477,40.042622,"ms/op",KOVAL_RENDEZVOUS_SPIN_75,2,10000,8
"benchmarks.ChannelBenchmark.producerConsumer","avgt",1,10,365.713800,141.340933,"ms/op",KOVAL_RENDEZVOUS_SPIN_75,2,10000,12
"benchmarks.ChannelBenchmark.producerConsumer","avgt",1,10,489.934612,217.916311,"ms/op",KOVAL_RENDEZVOUS_SPIN_75,2,10000,18
"benchmarks.ChannelBenchmark.producerConsumer","avgt",1,10,666.861115,197.129702,"ms/op",KOVAL_RENDEZVOUS_SPIN_75,2,10000,24
"benchmarks.ChannelBenchmark.producerConsumer","avgt",1,10,872.056614,111.546488,"ms/op",KOVAL_RENDEZVOUS_SPIN_75,2,10000,36
"benchmarks.ChannelBenchmark.producerConsumer","avgt",1,10,1066.585271,111.151837,"ms/op",KOVAL_RENDEZVOUS_SPIN_75,2,10000,48
"benchmarks.ChannelBenchmark.producerConsumer","avgt",1,10,1159.049486,209.158609,"ms/op",KOVAL_RENDEZVOUS_SPIN_75,2,10000,72
"benchmarks.ChannelBenchmark.producerConsumer","avgt",1,10,1591.211486,274.159437,"ms/op",KOVAL_RENDEZVOUS_SPIN_75,2,10000,98
"benchmarks.ChannelBenchmark.producerConsumer","avgt",1,10,1691.494473,165.478158,"ms/op",KOVAL_RENDEZVOUS_SPIN_75,2,10000,144
"benchmarks.ChannelBenchmark.producerConsumer","avgt",1,10,1821.237839,87.290991,"ms/op",KOVAL_RENDEZVOUS_SPIN_75,2,10000,160
"benchmarks.ChannelBenchmark.producerConsumer","avgt",1,10,1835.209748,118.088570,"ms/op",KOVAL_RENDEZVOUS_SPIN_75,2,10000,200
"benchmarks.ChannelBenchmark.producerConsumer","avgt",1,10,1941.909693,175.372866,"ms/op",KOVAL_RENDEZVOUS_SPIN_75,2,10000,250
"benchmarks.ChannelBenchmark.producerConsumer","avgt",1,10,167.261858,8.470490,"ms/op",KOVAL_RENDEZVOUS_SPIN_75,5,10000,1
"benchmarks.ChannelBenchmark.producerConsumer","avgt",1,10,366.532737,64.449422,"ms/op",KOVAL_RENDEZVOUS_SPIN_75,5,10000,2
"benchmarks.ChannelBenchmark.producerConsumer","avgt",1,10,249.704865,56.885741,"ms/op",KOVAL_RENDEZVOUS_SPIN_75,5,10000,4
"benchmarks.ChannelBenchmark.producerConsumer","avgt",1,10,167.949063,41.190652,"ms/op",KOVAL_RENDEZVOUS_SPIN_75,5,10000,8
"benchmarks.ChannelBenchmark.producerConsumer","avgt",1,10,183.102590,48.805176,"ms/op",KOVAL_RENDEZVOUS_SPIN_75,5,10000,12
"benchmarks.ChannelBenchmark.producerConsumer","avgt",1,10,249.283965,63.392660,"ms/op",KOVAL_RENDEZVOUS_SPIN_75,5,10000,18
"benchmarks.ChannelBenchmark.producerConsumer","avgt",1,10,219.638122,82.601610,"ms/op",KOVAL_RENDEZVOUS_SPIN_75,5,10000,24
"benchmarks.ChannelBenchmark.producerConsumer","avgt",1,10,337.568825,65.903063,"ms/op",KOVAL_RENDEZVOUS_SPIN_75,5,10000,36
"benchmarks.ChannelBenchmark.producerConsumer","avgt",1,10,345.165150,33.918373,"ms/op",KOVAL_RENDEZVOUS_SPIN_75,5,10000,48
"benchmarks.ChannelBenchmark.producerConsumer","avgt",1,10,462.679243,37.529975,"ms/op",KOVAL_RENDEZVOUS_SPIN_75,5,10000,72
"benchmarks.ChannelBenchmark.producerConsumer","avgt",1,10,569.406579,59.196810,"ms/op",KOVAL_RENDEZVOUS_SPIN_75,5,10000,98
"benchmarks.ChannelBenchmark.producerConsumer","avgt",1,10,612.360956,71.715139,"ms/op",KOVAL_RENDEZVOUS_SPIN_75,5,10000,144
"benchmarks.ChannelBenchmark.producerConsumer","avgt",1,10,598.567966,59.813419,"ms/op",KOVAL_RENDEZVOUS_SPIN_75,5,10000,160
"benchmarks.ChannelBenchmark.producerConsumer","avgt",1,10,725.119125,72.546303,"ms/op",KOVAL_RENDEZVOUS_SPIN_75,5,10000,200
"benchmarks.ChannelBenchmark.producerConsumer","avgt",1,10,676.465228,145.062006,"ms/op",KOVAL_RENDEZVOUS_SPIN_75,5,10000,250
"benchmarks.ChannelBenchmark.producerConsumer","avgt",1,10,170.455389,3.742407,"ms/op",KOVAL_RENDEZVOUS_SPIN_75,20,10000,1
"benchmarks.ChannelBenchmark.producerConsumer","avgt",1,10,339.642463,43.609422,"ms/op",KOVAL_RENDEZVOUS_SPIN_75,20,10000,2
"benchmarks.ChannelBenchmark.producerConsumer","avgt",1,10,220.065725,90.392699,"ms/op",KOVAL_RENDEZVOUS_SPIN_75,20,10000,4
"benchmarks.ChannelBenchmark.producerConsumer","avgt",1,10,122.902493,31.737094,"ms/op",KOVAL_RENDEZVOUS_SPIN_75,20,10000,8
"benchmarks.ChannelBenchmark.producerConsumer","avgt",1,10,129.829261,63.592129,"ms/op",KOVAL_RENDEZVOUS_SPIN_75,20,10000,12
"benchmarks.ChannelBenchmark.producerConsumer","avgt",1,10,137.120384,33.632657,"ms/op",KOVAL_RENDEZVOUS_SPIN_75,20,10000,18
"benchmarks.ChannelBenchmark.producerConsumer","avgt",1,10,97.580136,25.475944,"ms/op",KOVAL_RENDEZVOUS_SPIN_75,20,10000,24
"benchmarks.ChannelBenchmark.producerConsumer","avgt",1,10,112.887553,20.629690,"ms/op",KOVAL_RENDEZVOUS_SPIN_75,20,10000,36
"benchmarks.ChannelBenchmark.producerConsumer","avgt",1,10,112.537760,16.687402,"ms/op",KOVAL_RENDEZVOUS_SPIN_75,20,10000,48
"benchmarks.ChannelBenchmark.producerConsumer","avgt",1,10,94.865689,9.063788,"ms/op",KOVAL_RENDEZVOUS_SPIN_75,20,10000,72
"benchmarks.ChannelBenchmark.producerConsumer","avgt",1,10,105.319975,4.082375,"ms/op",KOVAL_RENDEZVOUS_SPIN_75,20,10000,98
"benchmarks.ChannelBenchmark.producerConsumer","avgt",1,10,117.927263,3.885394,"ms/op",KOVAL_RENDEZVOUS_SPIN_75,20,10000,144
"benchmarks.ChannelBenchmark.producerConsumer","avgt",1,10,109.553950,4.653663,"ms/op",KOVAL_RENDEZVOUS_SPIN_75,20,10000,160
"benchmarks.ChannelBenchmark.producerConsumer","avgt",1,10,112.401484,4.651096,"ms/op",KOVAL_RENDEZVOUS_SPIN_75,20,10000,200
"benchmarks.ChannelBenchmark.producerConsumer","avgt",1,10,130.742242,31.265965,"ms/op",KOVAL_RENDEZVOUS_SPIN_75,20,10000,250
"benchmarks.ChannelBenchmark.producerConsumer","avgt",1,10,147.977855,5.011050,"ms/op",KOVAL_RENDEZVOUS_SPIN_100,1,10000,1
"benchmarks.ChannelBenchmark.producerConsumer","avgt",1,10,390.375485,93.056123,"ms/op",KOVAL_RENDEZVOUS_SPIN_100,1,10000,2
"benchmarks.ChannelBenchmark.producerConsumer","avgt",1,10,406.977404,162.636585,"ms/op",KOVAL_RENDEZVOUS_SPIN_100,1,10000,4
"benchmarks.ChannelBenchmark.producerConsumer","avgt",1,10,481.206485,112.514473,"ms/op",KOVAL_RENDEZVOUS_SPIN_100,1,10000,8
"benchmarks.ChannelBenchmark.producerConsumer","avgt",1,10,765.025408,296.448950,"ms/op",KOVAL_RENDEZVOUS_SPIN_100,1,10000,12
"benchmarks.ChannelBenchmark.producerConsumer","avgt",1,10,1027.579790,293.875045,"ms/op",KOVAL_RENDEZVOUS_SPIN_100,1,10000,18
"benchmarks.ChannelBenchmark.producerConsumer","avgt",1,10,1351.132508,364.898192,"ms/op",KOVAL_RENDEZVOUS_SPIN_100,1,10000,24
"benchmarks.ChannelBenchmark.producerConsumer","avgt",1,10,1601.381841,337.481731,"ms/op",KOVAL_RENDEZVOUS_SPIN_100,1,10000,36
"benchmarks.ChannelBenchmark.producerConsumer","avgt",1,10,1936.934693,253.048613,"ms/op",KOVAL_RENDEZVOUS_SPIN_100,1,10000,48
"benchmarks.ChannelBenchmark.producerConsumer","avgt",1,10,2585.610937,296.647526,"ms/op",KOVAL_RENDEZVOUS_SPIN_100,1,10000,72
"benchmarks.ChannelBenchmark.producerConsumer","avgt",1,10,3290.272449,394.314086,"ms/op",KOVAL_RENDEZVOUS_SPIN_100,1,10000,98
"benchmarks.ChannelBenchmark.producerConsumer","avgt",1,10,3346.902696,108.521389,"ms/op",KOVAL_RENDEZVOUS_SPIN_100,1,10000,144
"benchmarks.ChannelBenchmark.producerConsumer","avgt",1,10,3377.654100,155.968859,"ms/op",KOVAL_RENDEZVOUS_SPIN_100,1,10000,160
"benchmarks.ChannelBenchmark.producerConsumer","avgt",1,10,3658.431307,86.297133,"ms/op",KOVAL_RENDEZVOUS_SPIN_100,1,10000,200
"benchmarks.ChannelBenchmark.producerConsumer","avgt",1,10,3480.467899,139.710559,"ms/op",KOVAL_RENDEZVOUS_SPIN_100,1,10000,250
"benchmarks.ChannelBenchmark.producerConsumer","avgt",1,10,162.553072,7.620753,"ms/op",KOVAL_RENDEZVOUS_SPIN_100,2,10000,1
"benchmarks.ChannelBenchmark.producerConsumer","avgt",1,10,372.677093,78.313747,"ms/op",KOVAL_RENDEZVOUS_SPIN_100,2,10000,2
"benchmarks.ChannelBenchmark.producerConsumer","avgt",1,10,290.968022,58.175061,"ms/op",KOVAL_RENDEZVOUS_SPIN_100,2,10000,4
"benchmarks.ChannelBenchmark.producerConsumer","avgt",1,10,265.224228,54.345454,"ms/op",KOVAL_RENDEZVOUS_SPIN_100,2,10000,8
"benchmarks.ChannelBenchmark.producerConsumer","avgt",1,10,335.358735,78.820573,"ms/op",KOVAL_RENDEZVOUS_SPIN_100,2,10000,12
"benchmarks.ChannelBenchmark.producerConsumer","avgt",1,10,492.512814,162.813844,"ms/op",KOVAL_RENDEZVOUS_SPIN_100,2,10000,18
"benchmarks.ChannelBenchmark.producerConsumer","avgt",1,10,536.967264,160.815493,"ms/op",KOVAL_RENDEZVOUS_SPIN_100,2,10000,24
"benchmarks.ChannelBenchmark.producerConsumer","avgt",1,10,744.952518,170.137502,"ms/op",KOVAL_RENDEZVOUS_SPIN_100,2,10000,36
"benchmarks.ChannelBenchmark.producerConsumer","avgt",1,10,931.439084,151.888920,"ms/op",KOVAL_RENDEZVOUS_SPIN_100,2,10000,48
"benchmarks.ChannelBenchmark.producerConsumer","avgt",1,10,1172.899165,118.138627,"ms/op",KOVAL_RENDEZVOUS_SPIN_100,2,10000,72
"benchmarks.ChannelBenchmark.producerConsumer","avgt",1,10,1289.586888,88.252972,"ms/op",KOVAL_RENDEZVOUS_SPIN_100,2,10000,98
"benchmarks.ChannelBenchmark.producerConsumer","avgt",1,10,1719.767635,107.131417,"ms/op",KOVAL_RENDEZVOUS_SPIN_100,2,10000,144
"benchmarks.ChannelBenchmark.producerConsumer","avgt",1,10,1657.947153,92.551472,"ms/op",KOVAL_RENDEZVOUS_SPIN_100,2,10000,160
"benchmarks.ChannelBenchmark.producerConsumer","avgt",1,10,1760.057176,176.547113,"ms/op",KOVAL_RENDEZVOUS_SPIN_100,2,10000,200
"benchmarks.ChannelBenchmark.producerConsumer","avgt",1,10,1704.758921,32.072441,"ms/op",KOVAL_RENDEZVOUS_SPIN_100,2,10000,250
"benchmarks.ChannelBenchmark.producerConsumer","avgt",1,10,168.681528,7.154717,"ms/op",KOVAL_RENDEZVOUS_SPIN_100,5,10000,1
"benchmarks.ChannelBenchmark.producerConsumer","avgt",1,10,362.677512,107.509236,"ms/op",KOVAL_RENDEZVOUS_SPIN_100,5,10000,2
"benchmarks.ChannelBenchmark.producerConsumer","avgt",1,10,261.097591,64.723807,"ms/op",KOVAL_RENDEZVOUS_SPIN_100,5,10000,4
"benchmarks.ChannelBenchmark.producerConsumer","avgt",1,10,166.467081,40.964004,"ms/op",KOVAL_RENDEZVOUS_SPIN_100,5,10000,8
"benchmarks.ChannelBenchmark.producerConsumer","avgt",1,10,178.214867,72.950368,"ms/op",KOVAL_RENDEZVOUS_SPIN_100,5,10000,12
"benchmarks.ChannelBenchmark.producerConsumer","avgt",1,10,189.156287,47.653946,"ms/op",KOVAL_RENDEZVOUS_SPIN_100,5,10000,18
"benchmarks.ChannelBenchmark.producerConsumer","avgt",1,10,245.692270,79.287217,"ms/op",KOVAL_RENDEZVOUS_SPIN_100,5,10000,24
"benchmarks.ChannelBenchmark.producerConsumer","avgt",1,10,270.071248,86.363762,"ms/op",KOVAL_RENDEZVOUS_SPIN_100,5,10000,36
"benchmarks.ChannelBenchmark.producerConsumer","avgt",1,10,337.190221,34.530790,"ms/op",KOVAL_RENDEZVOUS_SPIN_100,5,10000,48
"benchmarks.ChannelBenchmark.producerConsumer","avgt",1,10,429.788176,47.814926,"ms/op",KOVAL_RENDEZVOUS_SPIN_100,5,10000,72
"benchmarks.ChannelBenchmark.producerConsumer","avgt",1,10,492.039578,81.979754,"ms/op",KOVAL_RENDEZVOUS_SPIN_100,5,10000,98
"benchmarks.ChannelBenchmark.producerConsumer","avgt",1,10,518.513270,82.022982,"ms/op",KOVAL_RENDEZVOUS_SPIN_100,5,10000,144
"benchmarks.ChannelBenchmark.producerConsumer","avgt",1,10,630.003644,81.630886,"ms/op",KOVAL_RENDEZVOUS_SPIN_100,5,10000,160
"benchmarks.ChannelBenchmark.producerConsumer","avgt",1,10,598.501025,53.195005,"ms/op",KOVAL_RENDEZVOUS_SPIN_100,5,10000,200
"benchmarks.ChannelBenchmark.producerConsumer","avgt",1,10,695.991055,61.719372,"ms/op",KOVAL_RENDEZVOUS_SPIN_100,5,10000,250
"benchmarks.ChannelBenchmark.producerConsumer","avgt",1,10,167.552034,8.516024,"ms/op",KOVAL_RENDEZVOUS_SPIN_100,20,10000,1
"benchmarks.ChannelBenchmark.producerConsumer","avgt",1,10,396.413822,52.839428,"ms/op",KOVAL_RENDEZVOUS_SPIN_100,20,10000,2
"benchmarks.ChannelBenchmark.producerConsumer","avgt",1,10,212.593042,64.478675,"ms/op",KOVAL_RENDEZVOUS_SPIN_100,20,10000,4
"benchmarks.ChannelBenchmark.producerConsumer","avgt",1,10,120.525303,32.209984,"ms/op",KOVAL_RENDEZVOUS_SPIN_100,20,10000,8
"benchmarks.ChannelBenchmark.producerConsumer","avgt",1,10,110.685946,14.026525,"ms/op",KOVAL_RENDEZVOUS_SPIN_100,20,10000,12
"benchmarks.ChannelBenchmark.producerConsumer","avgt",1,10,130.365451,34.523890,"ms/op",KOVAL_RENDEZVOUS_SPIN_100,20,10000,18
"benchmarks.ChannelBenchmark.producerConsumer","avgt",1,10,91.747883,22.711505,"ms/op",KOVAL_RENDEZVOUS_SPIN_100,20,10000,24
"benchmarks.ChannelBenchmark.producerConsumer","avgt",1,10,99.491383,25.834608,"ms/op",KOVAL_RENDEZVOUS_SPIN_100,20,10000,36
"benchmarks.ChannelBenchmark.producerConsumer","avgt",1,10,98.529012,10.902729,"ms/op",KOVAL_RENDEZVOUS_SPIN_100,20,10000,48
"benchmarks.ChannelBenchmark.producerConsumer","avgt",1,10,103.642618,9.675633,"ms/op",KOVAL_RENDEZVOUS_SPIN_100,20,10000,72
"benchmarks.ChannelBenchmark.producerConsumer","avgt",1,10,105.139851,3.334792,"ms/op",KOVAL_RENDEZVOUS_SPIN_100,20,10000,98
"benchmarks.ChannelBenchmark.producerConsumer","avgt",1,10,115.419946,3.448559,"ms/op",KOVAL_RENDEZVOUS_SPIN_100,20,10000,144
"benchmarks.ChannelBenchmark.producerConsumer","avgt",1,10,107.891214,2.880290,"ms/op",KOVAL_RENDEZVOUS_SPIN_100,20,10000,160
"benchmarks.ChannelBenchmark.producerConsumer","avgt",1,10,109.365424,4.785610,"ms/op",KOVAL_RENDEZVOUS_SPIN_100,20,10000,200
"benchmarks.ChannelBenchmark.producerConsumer","avgt",1,10,114.610670,6.432276,"ms/op",KOVAL_RENDEZVOUS_SPIN_100,20,10000,250
"benchmarks.ChannelBenchmark.producerConsumer","avgt",1,10,148.788791,4.957386,"ms/op",KOVAL_RENDEZVOUS_SPIN_150,1,10000,1
"benchmarks.ChannelBenchmark.producerConsumer","avgt",1,10,386.185882,86.568480,"ms/op",KOVAL_RENDEZVOUS_SPIN_150,1,10000,2
"benchmarks.ChannelBenchmark.producerConsumer","avgt",1,10,392.071691,117.919081,"ms/op",KOVAL_RENDEZVOUS_SPIN_150,1,10000,4
"benchmarks.ChannelBenchmark.producerConsumer","avgt",1,10,426.723157,104.904942,"ms/op",KOVAL_RENDEZVOUS_SPIN_150,1,10000,8
"benchmarks.ChannelBenchmark.producerConsumer","avgt",1,10,598.862485,121.929713,"ms/op",KOVAL_RENDEZVOUS_SPIN_150,1,10000,12
"benchmarks.ChannelBenchmark.producerConsumer","avgt",1,10,1014.878631,186.809749,"ms/op",KOVAL_RENDEZVOUS_SPIN_150,1,10000,18
"benchmarks.ChannelBenchmark.producerConsumer","avgt",1,10,1328.501589,139.730314,"ms/op",KOVAL_RENDEZVOUS_SPIN_150,1,10000,24
"benchmarks.ChannelBenchmark.producerConsumer","avgt",1,10,1431.505650,363.547947,"ms/op",KOVAL_RENDEZVOUS_SPIN_150,1,10000,36
"benchmarks.ChannelBenchmark.producerConsumer","avgt",1,10,1808.249268,173.689964,"ms/op",KOVAL_RENDEZVOUS_SPIN_150,1,10000,48
"benchmarks.ChannelBenchmark.producerConsumer","avgt",1,10,2337.277384,239.638642,"ms/op",KOVAL_RENDEZVOUS_SPIN_150,1,10000,72
"benchmarks.ChannelBenchmark.producerConsumer","avgt",1,10,2549.496093,238.360018,"ms/op",KOVAL_RENDEZVOUS_SPIN_150,1,10000,98
"benchmarks.ChannelBenchmark.producerConsumer","avgt",1,10,3171.904718,131.553173,"ms/op",KOVAL_RENDEZVOUS_SPIN_150,1,10000,144
"benchmarks.ChannelBenchmark.producerConsumer","avgt",1,10,3088.417089,59.520887,"ms/op",KOVAL_RENDEZVOUS_SPIN_150,1,10000,160
"benchmarks.ChannelBenchmark.producerConsumer","avgt",1,10,3135.719109,101.116637,"ms/op",KOVAL_RENDEZVOUS_SPIN_150,1,10000,200
"benchmarks.ChannelBenchmark.producerConsumer","avgt",1,10,3293.570278,107.674149,"ms/op",KOVAL_RENDEZVOUS_SPIN_150,1,10000,250
"benchmarks.ChannelBenchmark.producerConsumer","avgt",1,10,156.081157,3.744569,"ms/op",KOVAL_RENDEZVOUS_SPIN_150,2,10000,1
"benchmarks.ChannelBenchmark.producerConsumer","avgt",1,10,412.151069,86.886348,"ms/op",KOVAL_RENDEZVOUS_SPIN_150,2,10000,2
"benchmarks.ChannelBenchmark.producerConsumer","avgt",1,10,298.673191,48.767343,"ms/op",KOVAL_RENDEZVOUS_SPIN_150,2,10000,4
"benchmarks.ChannelBenchmark.producerConsumer","avgt",1,10,270.720819,75.737934,"ms/op",KOVAL_RENDEZVOUS_SPIN_150,2,10000,8
"benchmarks.ChannelBenchmark.producerConsumer","avgt",1,10,284.587605,25.773975,"ms/op",KOVAL_RENDEZVOUS_SPIN_150,2,10000,12
"benchmarks.ChannelBenchmark.producerConsumer","avgt",1,10,526.517932,143.033526,"ms/op",KOVAL_RENDEZVOUS_SPIN_150,2,10000,18
"benchmarks.ChannelBenchmark.producerConsumer","avgt",1,10,594.457262,122.708089,"ms/op",KOVAL_RENDEZVOUS_SPIN_150,2,10000,24
"benchmarks.ChannelBenchmark.producerConsumer","avgt",1,10,718.217300,145.032512,"ms/op",KOVAL_RENDEZVOUS_SPIN_150,2,10000,36
"benchmarks.ChannelBenchmark.producerConsumer","avgt",1,10,865.038506,95.629355,"ms/op",KOVAL_RENDEZVOUS_SPIN_150,2,10000,48
"benchmarks.ChannelBenchmark.producerConsumer","avgt",1,10,1172.234550,88.673146,"ms/op",KOVAL_RENDEZVOUS_SPIN_150,2,10000,72
"benchmarks.ChannelBenchmark.producerConsumer","avgt",1,10,1368.997760,221.046560,"ms/op",KOVAL_RENDEZVOUS_SPIN_150,2,10000,98
"benchmarks.ChannelBenchmark.producerConsumer","avgt",1,10,1375.208824,98.759163,"ms/op",KOVAL_RENDEZVOUS_SPIN_150,2,10000,144
"benchmarks.ChannelBenchmark.producerConsumer","avgt",1,10,1532.553877,88.578531,"ms/op",KOVAL_RENDEZVOUS_SPIN_150,2,10000,160
"benchmarks.ChannelBenchmark.producerConsumer","avgt",1,10,1441.174787,102.822244,"ms/op",KOVAL_RENDEZVOUS_SPIN_150,2,10000,200
"benchmarks.ChannelBenchmark.producerConsumer","avgt",1,10,1602.799678,164.209576,"ms/op",KOVAL_RENDEZVOUS_SPIN_150,2,10000,250
"benchmarks.ChannelBenchmark.producerConsumer","avgt",1,10,168.983785,3.729216,"ms/op",KOVAL_RENDEZVOUS_SPIN_150,5,10000,1
"benchmarks.ChannelBenchmark.producerConsumer","avgt",1,10,319.592010,67.803547,"ms/op",KOVAL_RENDEZVOUS_SPIN_150,5,10000,2
"benchmarks.ChannelBenchmark.producerConsumer","avgt",1,10,232.937232,34.647386,"ms/op",KOVAL_RENDEZVOUS_SPIN_150,5,10000,4
"benchmarks.ChannelBenchmark.producerConsumer","avgt",1,10,149.335319,18.074154,"ms/op",KOVAL_RENDEZVOUS_SPIN_150,5,10000,8
"benchmarks.ChannelBenchmark.producerConsumer","avgt",1,10,164.481531,64.386859,"ms/op",KOVAL_RENDEZVOUS_SPIN_150,5,10000,12
"benchmarks.ChannelBenchmark.producerConsumer","avgt",1,10,207.556149,47.144032,"ms/op",KOVAL_RENDEZVOUS_SPIN_150,5,10000,18
"benchmarks.ChannelBenchmark.producerConsumer","avgt",1,10,235.422700,76.743160,"ms/op",KOVAL_RENDEZVOUS_SPIN_150,5,10000,24
"benchmarks.ChannelBenchmark.producerConsumer","avgt",1,10,302.009034,55.108221,"ms/op",KOVAL_RENDEZVOUS_SPIN_150,5,10000,36
"benchmarks.ChannelBenchmark.producerConsumer","avgt",1,10,336.940471,40.540027,"ms/op",KOVAL_RENDEZVOUS_SPIN_150,5,10000,48
"benchmarks.ChannelBenchmark.producerConsumer","avgt",1,10,399.603459,37.155322,"ms/op",KOVAL_RENDEZVOUS_SPIN_150,5,10000,72
"benchmarks.ChannelBenchmark.producerConsumer","avgt",1,10,508.201383,38.451072,"ms/op",KOVAL_RENDEZVOUS_SPIN_150,5,10000,98
"benchmarks.ChannelBenchmark.producerConsumer","avgt",1,10,563.488930,61.885716,"ms/op",KOVAL_RENDEZVOUS_SPIN_150,5,10000,144
"benchmarks.ChannelBenchmark.producerConsumer","avgt",1,10,474.909702,111.412056,"ms/op",KOVAL_RENDEZVOUS_SPIN_150,5,10000,160
"benchmarks.ChannelBenchmark.producerConsumer","avgt",1,10,626.503519,58.039471,"ms/op",KOVAL_RENDEZVOUS_SPIN_150,5,10000,200
"benchmarks.ChannelBenchmark.producerConsumer","avgt",1,10,520.936310,59.753875,"ms/op",KOVAL_RENDEZVOUS_SPIN_150,5,10000,250
"benchmarks.ChannelBenchmark.producerConsumer","avgt",1,10,179.382297,1.957462,"ms/op",KOVAL_RENDEZVOUS_SPIN_150,20,10000,1
"benchmarks.ChannelBenchmark.producerConsumer","avgt",1,10,363.356009,45.100033,"ms/op",KOVAL_RENDEZVOUS_SPIN_150,20,10000,2
"benchmarks.ChannelBenchmark.producerConsumer","avgt",1,10,223.700566,79.668662,"ms/op",KOVAL_RENDEZVOUS_SPIN_150,20,10000,4
"benchmarks.ChannelBenchmark.producerConsumer","avgt",1,10,125.445796,30.408543,"ms/op",KOVAL_RENDEZVOUS_SPIN_150,20,10000,8
"benchmarks.ChannelBenchmark.producerConsumer","avgt",1,10,139.713616,60.149433,"ms/op",KOVAL_RENDEZVOUS_SPIN_150,20,10000,12
"benchmarks.ChannelBenchmark.producerConsumer","avgt",1,10,132.652631,38.873320,"ms/op",KOVAL_RENDEZVOUS_SPIN_150,20,10000,18
"benchmarks.ChannelBenchmark.producerConsumer","avgt",1,10,97.218875,26.887294,"ms/op",KOVAL_RENDEZVOUS_SPIN_150,20,10000,24
"benchmarks.ChannelBenchmark.producerConsumer","avgt",1,10,111.968817,32.009702,"ms/op",KOVAL_RENDEZVOUS_SPIN_150,20,10000,36
"benchmarks.ChannelBenchmark.producerConsumer","avgt",1,10,87.873067,7.035704,"ms/op",KOVAL_RENDEZVOUS_SPIN_150,20,10000,48
"benchmarks.ChannelBenchmark.producerConsumer","avgt",1,10,98.239100,5.058238,"ms/op",KOVAL_RENDEZVOUS_SPIN_150,20,10000,72
"benchmarks.ChannelBenchmark.producerConsumer","avgt",1,10,101.742056,4.410863,"ms/op",KOVAL_RENDEZVOUS_SPIN_150,20,10000,98
"benchmarks.ChannelBenchmark.producerConsumer","avgt",1,10,102.155459,2.699563,"ms/op",KOVAL_RENDEZVOUS_SPIN_150,20,10000,144
"benchmarks.ChannelBenchmark.producerConsumer","avgt",1,10,107.117380,14.876927,"ms/op",KOVAL_RENDEZVOUS_SPIN_150,20,10000,160
"benchmarks.ChannelBenchmark.producerConsumer","avgt",1,10,112.647122,7.230848,"ms/op",KOVAL_RENDEZVOUS_SPIN_150,20,10000,200
"benchmarks.ChannelBenchmark.producerConsumer","avgt",1,10,108.051173,6.457121,"ms/op",KOVAL_RENDEZVOUS_SPIN_150,20,10000,250
"benchmarks.ChannelBenchmark.producerConsumer","avgt",1,10,147.874469,5.097855,"ms/op",KOVAL_RENDEZVOUS_SPIN_300,1,10000,1
"benchmarks.ChannelBenchmark.producerConsumer","avgt",1,10,435.575211,117.913521,"ms/op",KOVAL_RENDEZVOUS_SPIN_300,1,10000,2
"benchmarks.ChannelBenchmark.producerConsumer","avgt",1,10,391.851347,68.485682,"ms/op",KOVAL_RENDEZVOUS_SPIN_300,1,10000,4
"benchmarks.ChannelBenchmark.producerConsumer","avgt",1,10,431.403852,112.391250,"ms/op",KOVAL_RENDEZVOUS_SPIN_300,1,10000,8
"benchmarks.ChannelBenchmark.producerConsumer","avgt",1,10,621.719889,242.837222,"ms/op",KOVAL_RENDEZVOUS_SPIN_300,1,10000,12
"benchmarks.ChannelBenchmark.producerConsumer","avgt",1,10,984.861745,195.743886,"ms/op",KOVAL_RENDEZVOUS_SPIN_300,1,10000,18
"benchmarks.ChannelBenchmark.producerConsumer","avgt",1,10,1223.175990,58.416354,"ms/op",KOVAL_RENDEZVOUS_SPIN_300,1,10000,24
"benchmarks.ChannelBenchmark.producerConsumer","avgt",1,10,1301.185903,287.661856,"ms/op",KOVAL_RENDEZVOUS_SPIN_300,1,10000,36
"benchmarks.ChannelBenchmark.producerConsumer","avgt",1,10,1651.275468,105.744386,"ms/op",KOVAL_RENDEZVOUS_SPIN_300,1,10000,48
"benchmarks.ChannelBenchmark.producerConsumer","avgt",1,10,2265.707276,262.813245,"ms/op",KOVAL_RENDEZVOUS_SPIN_300,1,10000,72
"benchmarks.ChannelBenchmark.producerConsumer","avgt",1,10,2665.401007,239.175310,"ms/op",KOVAL_RENDEZVOUS_SPIN_300,1,10000,98
"benchmarks.ChannelBenchmark.producerConsumer","avgt",1,10,2919.749419,85.382521,"ms/op",KOVAL_RENDEZVOUS_SPIN_300,1,10000,144
"benchmarks.ChannelBenchmark.producerConsumer","avgt",1,10,2920.997538,77.840026,"ms/op",KOVAL_RENDEZVOUS_SPIN_300,1,10000,160
"benchmarks.ChannelBenchmark.producerConsumer","avgt",1,10,2578.195966,115.879589,"ms/op",KOVAL_RENDEZVOUS_SPIN_300,1,10000,200
"benchmarks.ChannelBenchmark.producerConsumer","avgt",1,10,3009.078410,99.760753,"ms/op",KOVAL_RENDEZVOUS_SPIN_300,1,10000,250
"benchmarks.ChannelBenchmark.producerConsumer","avgt",1,10,149.116616,3.347586,"ms/op",KOVAL_RENDEZVOUS_SPIN_300,2,10000,1
"benchmarks.ChannelBenchmark.producerConsumer","avgt",1,10,387.923704,91.560398,"ms/op",KOVAL_RENDEZVOUS_SPIN_300,2,10000,2
"benchmarks.ChannelBenchmark.producerConsumer","avgt",1,10,299.068683,119.963980,"ms/op",KOVAL_RENDEZVOUS_SPIN_300,2,10000,4
"benchmarks.ChannelBenchmark.producerConsumer","avgt",1,10,225.780537,33.714202,"ms/op",KOVAL_RENDEZVOUS_SPIN_300,2,10000,8
"benchmarks.ChannelBenchmark.producerConsumer","avgt",1,10,319.111615,84.543886,"ms/op",KOVAL_RENDEZVOUS_SPIN_300,2,10000,12
"benchmarks.ChannelBenchmark.producerConsumer","avgt",1,10,391.549188,114.523916,"ms/op",KOVAL_RENDEZVOUS_SPIN_300,2,10000,18
"benchmarks.ChannelBenchmark.producerConsumer","avgt",1,10,522.296466,104.877229,"ms/op",KOVAL_RENDEZVOUS_SPIN_300,2,10000,24
"benchmarks.ChannelBenchmark.producerConsumer","avgt",1,10,659.526212,106.396835,"ms/op",KOVAL_RENDEZVOUS_SPIN_300,2,10000,36
"benchmarks.ChannelBenchmark.producerConsumer","avgt",1,10,815.101222,38.137805,"ms/op",KOVAL_RENDEZVOUS_SPIN_300,2,10000,48
"benchmarks.ChannelBenchmark.producerConsumer","avgt",1,10,898.097659,79.029753,"ms/op",KOVAL_RENDEZVOUS_SPIN_300,2,10000,72
"benchmarks.ChannelBenchmark.producerConsumer","avgt",1,10,1238.691411,98.593221,"ms/op",KOVAL_RENDEZVOUS_SPIN_300,2,10000,98
"benchmarks.ChannelBenchmark.producerConsumer","avgt",1,10,1378.777249,149.602840,"ms/op",KOVAL_RENDEZVOUS_SPIN_300,2,10000,144
"benchmarks.ChannelBenchmark.producerConsumer","avgt",1,10,1451.592646,52.776210,"ms/op",KOVAL_RENDEZVOUS_SPIN_300,2,10000,160
"benchmarks.ChannelBenchmark.producerConsumer","avgt",1,10,1218.049697,105.607806,"ms/op",KOVAL_RENDEZVOUS_SPIN_300,2,10000,200
"benchmarks.ChannelBenchmark.producerConsumer","avgt",1,10,1299.382779,117.693814,"ms/op",KOVAL_RENDEZVOUS_SPIN_300,2,10000,250
"benchmarks.ChannelBenchmark.producerConsumer","avgt",1,10,166.121837,5.491334,"ms/op",KOVAL_RENDEZVOUS_SPIN_300,5,10000,1
"benchmarks.ChannelBenchmark.producerConsumer","avgt",1,10,386.750126,61.558269,"ms/op",KOVAL_RENDEZVOUS_SPIN_300,5,10000,2
"benchmarks.ChannelBenchmark.producerConsumer","avgt",1,10,250.339200,56.087163,"ms/op",KOVAL_RENDEZVOUS_SPIN_300,5,10000,4
"benchmarks.ChannelBenchmark.producerConsumer","avgt",1,10,158.141061,53.774190,"ms/op",KOVAL_RENDEZVOUS_SPIN_300,5,10000,8
"benchmarks.ChannelBenchmark.producerConsumer","avgt",1,10,166.800158,52.406641,"ms/op",KOVAL_RENDEZVOUS_SPIN_300,5,10000,12
"benchmarks.ChannelBenchmark.producerConsumer","avgt",1,10,224.445948,85.014386,"ms/op",KOVAL_RENDEZVOUS_SPIN_300,5,10000,18
"benchmarks.ChannelBenchmark.producerConsumer","avgt",1,10,209.590892,48.015741,"ms/op",KOVAL_RENDEZVOUS_SPIN_300,5,10000,24
"benchmarks.ChannelBenchmark.producerConsumer","avgt",1,10,299.795793,42.468212,"ms/op",KOVAL_RENDEZVOUS_SPIN_300,5,10000,36
"benchmarks.ChannelBenchmark.producerConsumer","avgt",1,10,300.624292,23.428888,"ms/op",KOVAL_RENDEZVOUS_SPIN_300,5,10000,48
"benchmarks.ChannelBenchmark.producerConsumer","avgt",1,10,336.304076,19.970472,"ms/op",KOVAL_RENDEZVOUS_SPIN_300,5,10000,72
"benchmarks.ChannelBenchmark.producerConsumer","avgt",1,10,448.772572,46.740164,"ms/op",KOVAL_RENDEZVOUS_SPIN_300,5,10000,98
"benchmarks.ChannelBenchmark.producerConsumer","avgt",1,10,434.593526,40.405912,"ms/op",KOVAL_RENDEZVOUS_SPIN_300,5,10000,144
"benchmarks.ChannelBenchmark.producerConsumer","avgt",1,10,438.371710,48.228583,"ms/op",KOVAL_RENDEZVOUS_SPIN_300,5,10000,160
"benchmarks.ChannelBenchmark.producerConsumer","avgt",1,10,433.005157,38.150648,"ms/op",KOVAL_RENDEZVOUS_SPIN_300,5,10000,200
"benchmarks.ChannelBenchmark.producerConsumer","avgt",1,10,483.382783,28.571671,"ms/op",KOVAL_RENDEZVOUS_SPIN_300,5,10000,250
"benchmarks.ChannelBenchmark.producerConsumer","avgt",1,10,161.938682,9.395755,"ms/op",KOVAL_RENDEZVOUS_SPIN_300,20,10000,1
"benchmarks.ChannelBenchmark.producerConsumer","avgt",1,10,324.417196,68.487606,"ms/op",KOVAL_RENDEZVOUS_SPIN_300,20,10000,2
"benchmarks.ChannelBenchmark.producerConsumer","avgt",1,10,200.259881,28.233036,"ms/op",KOVAL_RENDEZVOUS_SPIN_300,20,10000,4
"benchmarks.ChannelBenchmark.producerConsumer","avgt",1,10,121.613948,24.494591,"ms/op",KOVAL_RENDEZVOUS_SPIN_300,20,10000,8
"benchmarks.ChannelBenchmark.producerConsumer","avgt",1,10,128.529815,43.272858,"ms/op",KOVAL_RENDEZVOUS_SPIN_300,20,10000,12
"benchmarks.ChannelBenchmark.producerConsumer","avgt",1,10,92.609716,17.974849,"ms/op",KOVAL_RENDEZVOUS_SPIN_300,20,10000,18
"benchmarks.ChannelBenchmark.producerConsumer","avgt",1,10,89.101374,24.941047,"ms/op",KOVAL_RENDEZVOUS_SPIN_300,20,10000,24
"benchmarks.ChannelBenchmark.producerConsumer","avgt",1,10,87.635537,17.222366,"ms/op",KOVAL_RENDEZVOUS_SPIN_300,20,10000,36
"benchmarks.ChannelBenchmark.producerConsumer","avgt",1,10,97.375801,7.365539,"ms/op",KOVAL_RENDEZVOUS_SPIN_300,20,10000,48
"benchmarks.ChannelBenchmark.producerConsumer","avgt",1,10,85.004992,4.318372,"ms/op",KOVAL_RENDEZVOUS_SPIN_300,20,10000,72
"benchmarks.ChannelBenchmark.producerConsumer","avgt",1,10,88.216430,3.473441,"ms/op",KOVAL_RENDEZVOUS_SPIN_300,20,10000,98
"benchmarks.ChannelBenchmark.producerConsumer","avgt",1,10,103.931080,10.169828,"ms/op",KOVAL_RENDEZVOUS_SPIN_300,20,10000,144
"benchmarks.ChannelBenchmark.producerConsumer","avgt",1,10,111.468113,45.636774,"ms/op",KOVAL_RENDEZVOUS_SPIN_300,20,10000,160
"benchmarks.ChannelBenchmark.producerConsumer","avgt",1,10,100.296764,4.686768,"ms/op",KOVAL_RENDEZVOUS_SPIN_300,20,10000,200
"benchmarks.ChannelBenchmark.producerConsumer","avgt",1,10,103.853245,3.711722,"ms/op",KOVAL_RENDEZVOUS_SPIN_300,20,10000,250
"benchmarks.ChannelBenchmark.producerConsumer","avgt",1,10,158.301884,7.687095,"ms/op",KOVAL_RENDEZVOUS_SPIN_500,1,10000,1
"benchmarks.ChannelBenchmark.producerConsumer","avgt",1,10,414.936121,82.691290,"ms/op",KOVAL_RENDEZVOUS_SPIN_500,1,10000,2
"benchmarks.ChannelBenchmark.producerConsumer","avgt",1,10,369.915949,64.104339,"ms/op",KOVAL_RENDEZVOUS_SPIN_500,1,10000,4
"benchmarks.ChannelBenchmark.producerConsumer","avgt",1,10,429.731501,158.002889,"ms/op",KOVAL_RENDEZVOUS_SPIN_500,1,10000,8
"benchmarks.ChannelBenchmark.producerConsumer","avgt",1,10,600.678030,213.392733,"ms/op",KOVAL_RENDEZVOUS_SPIN_500,1,10000,12
"benchmarks.ChannelBenchmark.producerConsumer","avgt",1,10,805.964668,271.201128,"ms/op",KOVAL_RENDEZVOUS_SPIN_500,1,10000,18
"benchmarks.ChannelBenchmark.producerConsumer","avgt",1,10,1038.057655,246.221560,"ms/op",KOVAL_RENDEZVOUS_SPIN_500,1,10000,24
"benchmarks.ChannelBenchmark.producerConsumer","avgt",1,10,1329.531462,186.207525,"ms/op",KOVAL_RENDEZVOUS_SPIN_500,1,10000,36
"benchmarks.ChannelBenchmark.producerConsumer","avgt",1,10,1766.998249,126.080351,"ms/op",KOVAL_RENDEZVOUS_SPIN_500,1,10000,48
"benchmarks.ChannelBenchmark.producerConsumer","avgt",1,10,2027.777974,244.741935,"ms/op",KOVAL_RENDEZVOUS_SPIN_500,1,10000,72
"benchmarks.ChannelBenchmark.producerConsumer","avgt",1,10,2412.022134,184.481908,"ms/op",KOVAL_RENDEZVOUS_SPIN_500,1,10000,98
"benchmarks.ChannelBenchmark.producerConsumer","avgt",1,10,2975.604033,79.767973,"ms/op",KOVAL_RENDEZVOUS_SPIN_500,1,10000,144
"benchmarks.ChannelBenchmark.producerConsumer","avgt",1,10,2798.624310,103.041424,"ms/op",KOVAL_RENDEZVOUS_SPIN_500,1,10000,160
"benchmarks.ChannelBenchmark.producerConsumer","avgt",1,10,2561.251754,55.064815,"ms/op",KOVAL_RENDEZVOUS_SPIN_500,1,10000,200
"benchmarks.ChannelBenchmark.producerConsumer","avgt",1,10,2910.613319,116.718641,"ms/op",KOVAL_RENDEZVOUS_SPIN_500,1,10000,250
"benchmarks.ChannelBenchmark.producerConsumer","avgt",1,10,157.720359,6.264061,"ms/op",KOVAL_RENDEZVOUS_SPIN_500,2,10000,1
"benchmarks.ChannelBenchmark.producerConsumer","avgt",1,10,400.037785,96.217138,"ms/op",KOVAL_RENDEZVOUS_SPIN_500,2,10000,2
"benchmarks.ChannelBenchmark.producerConsumer","avgt",1,10,308.290114,171.879735,"ms/op",KOVAL_RENDEZVOUS_SPIN_500,2,10000,4
"benchmarks.ChannelBenchmark.producerConsumer","avgt",1,10,299.274632,142.968622,"ms/op",KOVAL_RENDEZVOUS_SPIN_500,2,10000,8
"benchmarks.ChannelBenchmark.producerConsumer","avgt",1,10,322.809586,111.758262,"ms/op",KOVAL_RENDEZVOUS_SPIN_500,2,10000,12
"benchmarks.ChannelBenchmark.producerConsumer","avgt",1,10,392.407554,97.054755,"ms/op",KOVAL_RENDEZVOUS_SPIN_500,2,10000,18
"benchmarks.ChannelBenchmark.producerConsumer","avgt",1,10,504.249449,116.281234,"ms/op",KOVAL_RENDEZVOUS_SPIN_500,2,10000,24
"benchmarks.ChannelBenchmark.producerConsumer","avgt",1,10,614.937621,145.820360,"ms/op",KOVAL_RENDEZVOUS_SPIN_500,2,10000,36
"benchmarks.ChannelBenchmark.producerConsumer","avgt",1,10,838.946920,86.813873,"ms/op",KOVAL_RENDEZVOUS_SPIN_500,2,10000,48
"benchmarks.ChannelBenchmark.producerConsumer","avgt",1,10,885.090576,99.765304,"ms/op",KOVAL_RENDEZVOUS_SPIN_500,2,10000,72
"benchmarks.ChannelBenchmark.producerConsumer","avgt",1,10,1053.262651,83.637139,"ms/op",KOVAL_RENDEZVOUS_SPIN_500,2,10000,98
"benchmarks.ChannelBenchmark.producerConsumer","avgt",1,10,1221.520621,50.134991,"ms/op",KOVAL_RENDEZVOUS_SPIN_500,2,10000,144
"benchmarks.ChannelBenchmark.producerConsumer","avgt",1,10,1413.145315,76.670937,"ms/op",KOVAL_RENDEZVOUS_SPIN_500,2,10000,160
"benchmarks.ChannelBenchmark.producerConsumer","avgt",1,10,1437.874648,118.926839,"ms/op",KOVAL_RENDEZVOUS_SPIN_500,2,10000,200
"benchmarks.ChannelBenchmark.producerConsumer","avgt",1,10,1246.438390,96.687980,"ms/op",KOVAL_RENDEZVOUS_SPIN_500,2,10000,250
"benchmarks.ChannelBenchmark.producerConsumer","avgt",1,10,165.827120,11.845746,"ms/op",KOVAL_RENDEZVOUS_SPIN_500,5,10000,1
"benchmarks.ChannelBenchmark.producerConsumer","avgt",1,10,374.414071,82.239905,"ms/op",KOVAL_RENDEZVOUS_SPIN_500,5,10000,2
"benchmarks.ChannelBenchmark.producerConsumer","avgt",1,10,236.214931,27.355510,"ms/op",KOVAL_RENDEZVOUS_SPIN_500,5,10000,4
"benchmarks.ChannelBenchmark.producerConsumer","avgt",1,10,152.640711,31.196597,"ms/op",KOVAL_RENDEZVOUS_SPIN_500,5,10000,8
"benchmarks.ChannelBenchmark.producerConsumer","avgt",1,10,161.267992,40.072600,"ms/op",KOVAL_RENDEZVOUS_SPIN_500,5,10000,12
"benchmarks.ChannelBenchmark.producerConsumer","avgt",1,10,200.465530,55.469541,"ms/op",KOVAL_RENDEZVOUS_SPIN_500,5,10000,18
"benchmarks.ChannelBenchmark.producerConsumer","avgt",1,10,185.067568,47.752737,"ms/op",KOVAL_RENDEZVOUS_SPIN_500,5,10000,24
"benchmarks.ChannelBenchmark.producerConsumer","avgt",1,10,255.349343,41.634460,"ms/op",KOVAL_RENDEZVOUS_SPIN_500,5,10000,36
"benchmarks.ChannelBenchmark.producerConsumer","avgt",1,10,294.750152,29.405755,"ms/op",KOVAL_RENDEZVOUS_SPIN_500,5,10000,48
"benchmarks.ChannelBenchmark.producerConsumer","avgt",1,10,333.056058,23.783826,"ms/op",KOVAL_RENDEZVOUS_SPIN_500,5,10000,72
"benchmarks.ChannelBenchmark.producerConsumer","avgt",1,10,442.537407,77.455604,"ms/op",KOVAL_RENDEZVOUS_SPIN_500,5,10000,98
"benchmarks.ChannelBenchmark.producerConsumer","avgt",1,10,409.427289,53.360831,"ms/op",KOVAL_RENDEZVOUS_SPIN_500,5,10000,144
"benchmarks.ChannelBenchmark.producerConsumer","avgt",1,10,533.707002,34.650088,"ms/op",KOVAL_RENDEZVOUS_SPIN_500,5,10000,160
"benchmarks.ChannelBenchmark.producerConsumer","avgt",1,10,543.173279,41.650215,"ms/op",KOVAL_RENDEZVOUS_SPIN_500,5,10000,200
"benchmarks.ChannelBenchmark.producerConsumer","avgt",1,10,461.696042,47.701670,"ms/op",KOVAL_RENDEZVOUS_SPIN_500,5,10000,250
"benchmarks.ChannelBenchmark.producerConsumer","avgt",1,10,169.529770,6.110502,"ms/op",KOVAL_RENDEZVOUS_SPIN_500,20,10000,1
"benchmarks.ChannelBenchmark.producerConsumer","avgt",1,10,334.406882,55.769284,"ms/op",KOVAL_RENDEZVOUS_SPIN_500,20,10000,2
"benchmarks.ChannelBenchmark.producerConsumer","avgt",1,10,196.499476,38.359046,"ms/op",KOVAL_RENDEZVOUS_SPIN_500,20,10000,4
"benchmarks.ChannelBenchmark.producerConsumer","avgt",1,10,117.393762,19.948659,"ms/op",KOVAL_RENDEZVOUS_SPIN_500,20,10000,8
"benchmarks.ChannelBenchmark.producerConsumer","avgt",1,10,134.043912,51.632620,"ms/op",KOVAL_RENDEZVOUS_SPIN_500,20,10000,12
"benchmarks.ChannelBenchmark.producerConsumer","avgt",1,10,104.334619,18.472495,"ms/op",KOVAL_RENDEZVOUS_SPIN_500,20,10000,18
"benchmarks.ChannelBenchmark.producerConsumer","avgt",1,10,93.849664,22.627668,"ms/op",KOVAL_RENDEZVOUS_SPIN_500,20,10000,24
"benchmarks.ChannelBenchmark.producerConsumer","avgt",1,10,95.333478,19.499155,"ms/op",KOVAL_RENDEZVOUS_SPIN_500,20,10000,36
"benchmarks.ChannelBenchmark.producerConsumer","avgt",1,10,96.857777,5.710132,"ms/op",KOVAL_RENDEZVOUS_SPIN_500,20,10000,48
"benchmarks.ChannelBenchmark.producerConsumer","avgt",1,10,89.745005,5.586756,"ms/op",KOVAL_RENDEZVOUS_SPIN_500,20,10000,72
"benchmarks.ChannelBenchmark.producerConsumer","avgt",1,10,100.253443,3.007160,"ms/op",KOVAL_RENDEZVOUS_SPIN_500,20,10000,98
"benchmarks.ChannelBenchmark.producerConsumer","avgt",1,10,105.238928,2.704428,"ms/op",KOVAL_RENDEZVOUS_SPIN_500,20,10000,144
"benchmarks.ChannelBenchmark.producerConsumer","avgt",1,10,98.923694,2.107936,"ms/op",KOVAL_RENDEZVOUS_SPIN_500,20,10000,160
"benchmarks.ChannelBenchmark.producerConsumer","avgt",1,10,100.094269,15.985215,"ms/op",KOVAL_RENDEZVOUS_SPIN_500,20,10000,200
"benchmarks.ChannelBenchmark.producerConsumer","avgt",1,10,102.543290,2.539319,"ms/op",KOVAL_RENDEZVOUS_SPIN_500,20,10000,250
"benchmarks.ChannelBenchmark.producerConsumer","avgt",1,10,148.572907,5.057042,"ms/op",KOVAL_RENDEZVOUS_SPIN_1000,1,10000,1
"benchmarks.ChannelBenchmark.producerConsumer","avgt",1,10,401.120431,80.594187,"ms/op",KOVAL_RENDEZVOUS_SPIN_1000,1,10000,2
"benchmarks.ChannelBenchmark.producerConsumer","avgt",1,10,366.830776,66.266765,"ms/op",KOVAL_RENDEZVOUS_SPIN_1000,1,10000,4
"benchmarks.ChannelBenchmark.producerConsumer","avgt",1,10,502.405481,143.916636,"ms/op",KOVAL_RENDEZVOUS_SPIN_1000,1,10000,8
"benchmarks.ChannelBenchmark.producerConsumer","avgt",1,10,633.335462,121.064831,"ms/op",KOVAL_RENDEZVOUS_SPIN_1000,1,10000,12
"benchmarks.ChannelBenchmark.producerConsumer","avgt",1,10,904.948528,263.020292,"ms/op",KOVAL_RENDEZVOUS_SPIN_1000,1,10000,18
"benchmarks.ChannelBenchmark.producerConsumer","avgt",1,10,1155.756934,220.328386,"ms/op",KOVAL_RENDEZVOUS_SPIN_1000,1,10000,24
"benchmarks.ChannelBenchmark.producerConsumer","avgt",1,10,1265.359243,205.184763,"ms/op",KOVAL_RENDEZVOUS_SPIN_1000,1,10000,36
"benchmarks.ChannelBenchmark.producerConsumer","avgt",1,10,1717.098316,152.165541,"ms/op",KOVAL_RENDEZVOUS_SPIN_1000,1,10000,48
"benchmarks.ChannelBenchmark.producerConsumer","avgt",1,10,2258.479997,123.499659,"ms/op",KOVAL_RENDEZVOUS_SPIN_1000,1,10000,72
"benchmarks.ChannelBenchmark.producerConsumer","avgt",1,10,2533.668762,185.612856,"ms/op",KOVAL_RENDEZVOUS_SPIN_1000,1,10000,98
"benchmarks.ChannelBenchmark.producerConsumer","avgt",1,10,2776.568612,73.821895,"ms/op",KOVAL_RENDEZVOUS_SPIN_1000,1,10000,144
"benchmarks.ChannelBenchmark.producerConsumer","avgt",1,10,2462.101703,102.784713,"ms/op",KOVAL_RENDEZVOUS_SPIN_1000,1,10000,160
"benchmarks.ChannelBenchmark.producerConsumer","avgt",1,10,2863.614475,92.777419,"ms/op",KOVAL_RENDEZVOUS_SPIN_1000,1,10000,200
"benchmarks.ChannelBenchmark.producerConsumer","avgt",1,10,2955.021646,65.421971,"ms/op",KOVAL_RENDEZVOUS_SPIN_1000,1,10000,250
"benchmarks.ChannelBenchmark.producerConsumer","avgt",1,10,167.843989,7.558175,"ms/op",KOVAL_RENDEZVOUS_SPIN_1000,2,10000,1
"benchmarks.ChannelBenchmark.producerConsumer","avgt",1,10,371.406054,79.786605,"ms/op",KOVAL_RENDEZVOUS_SPIN_1000,2,10000,2
"benchmarks.ChannelBenchmark.producerConsumer","avgt",1,10,291.262229,72.003582,"ms/op",KOVAL_RENDEZVOUS_SPIN_1000,2,10000,4
"benchmarks.ChannelBenchmark.producerConsumer","avgt",1,10,253.386040,59.857842,"ms/op",KOVAL_RENDEZVOUS_SPIN_1000,2,10000,8
"benchmarks.ChannelBenchmark.producerConsumer","avgt",1,10,287.146672,56.573178,"ms/op",KOVAL_RENDEZVOUS_SPIN_1000,2,10000,12
"benchmarks.ChannelBenchmark.producerConsumer","avgt",1,10,433.651555,156.114261,"ms/op",KOVAL_RENDEZVOUS_SPIN_1000,2,10000,18
"benchmarks.ChannelBenchmark.producerConsumer","avgt",1,10,495.064737,113.565271,"ms/op",KOVAL_RENDEZVOUS_SPIN_1000,2,10000,24
"benchmarks.ChannelBenchmark.producerConsumer","avgt",1,10,604.227081,118.268483,"ms/op",KOVAL_RENDEZVOUS_SPIN_1000,2,10000,36
"benchmarks.ChannelBenchmark.producerConsumer","avgt",1,10,819.888763,53.192864,"ms/op",KOVAL_RENDEZVOUS_SPIN_1000,2,10000,48
"benchmarks.ChannelBenchmark.producerConsumer","avgt",1,10,923.498377,66.904353,"ms/op",KOVAL_RENDEZVOUS_SPIN_1000,2,10000,72
"benchmarks.ChannelBenchmark.producerConsumer","avgt",1,10,1206.828222,80.990078,"ms/op",KOVAL_RENDEZVOUS_SPIN_1000,2,10000,98
"benchmarks.ChannelBenchmark.producerConsumer","avgt",1,10,1165.206335,89.149885,"ms/op",KOVAL_RENDEZVOUS_SPIN_1000,2,10000,144
"benchmarks.ChannelBenchmark.producerConsumer","avgt",1,10,1435.068371,89.845500,"ms/op",KOVAL_RENDEZVOUS_SPIN_1000,2,10000,160
"benchmarks.ChannelBenchmark.producerConsumer","avgt",1,10,1135.508289,147.824247,"ms/op",KOVAL_RENDEZVOUS_SPIN_1000,2,10000,200
"benchmarks.ChannelBenchmark.producerConsumer","avgt",1,10,1249.328870,55.455119,"ms/op",KOVAL_RENDEZVOUS_SPIN_1000,2,10000,250
"benchmarks.ChannelBenchmark.producerConsumer","avgt",1,10,163.713779,7.474765,"ms/op",KOVAL_RENDEZVOUS_SPIN_1000,5,10000,1
"benchmarks.ChannelBenchmark.producerConsumer","avgt",1,10,378.002829,68.080431,"ms/op",KOVAL_RENDEZVOUS_SPIN_1000,5,10000,2
"benchmarks.ChannelBenchmark.producerConsumer","avgt",1,10,239.704563,48.271804,"ms/op",KOVAL_RENDEZVOUS_SPIN_1000,5,10000,4
"benchmarks.ChannelBenchmark.producerConsumer","avgt",1,10,149.131056,18.649941,"ms/op",KOVAL_RENDEZVOUS_SPIN_1000,5,10000,8
"benchmarks.ChannelBenchmark.producerConsumer","avgt",1,10,156.404750,16.360666,"ms/op",KOVAL_RENDEZVOUS_SPIN_1000,5,10000,12
"benchmarks.ChannelBenchmark.producerConsumer","avgt",1,10,197.680458,53.642953,"ms/op",KOVAL_RENDEZVOUS_SPIN_1000,5,10000,18
"benchmarks.ChannelBenchmark.producerConsumer","avgt",1,10,193.106056,57.223966,"ms/op",KOVAL_RENDEZVOUS_SPIN_1000,5,10000,24
"benchmarks.ChannelBenchmark.producerConsumer","avgt",1,10,255.359182,45.578186,"ms/op",KOVAL_RENDEZVOUS_SPIN_1000,5,10000,36
"benchmarks.ChannelBenchmark.producerConsumer","avgt",1,10,281.247412,25.745124,"ms/op",KOVAL_RENDEZVOUS_SPIN_1000,5,10000,48
"benchmarks.ChannelBenchmark.producerConsumer","avgt",1,10,312.814295,25.488662,"ms/op",KOVAL_RENDEZVOUS_SPIN_1000,5,10000,72
"benchmarks.ChannelBenchmark.producerConsumer","avgt",1,10,438.487331,50.101318,"ms/op",KOVAL_RENDEZVOUS_SPIN_1000,5,10000,98
"benchmarks.ChannelBenchmark.producerConsumer","avgt",1,10,514.458735,36.117324,"ms/op",KOVAL_RENDEZVOUS_SPIN_1000,5,10000,144
"benchmarks.ChannelBenchmark.producerConsumer","avgt",1,10,514.467690,55.639007,"ms/op",KOVAL_RENDEZVOUS_SPIN_1000,5,10000,160
"benchmarks.ChannelBenchmark.producerConsumer","avgt",1,10,435.259322,25.819480,"ms/op",KOVAL_RENDEZVOUS_SPIN_1000,5,10000,200
"benchmarks.ChannelBenchmark.producerConsumer","avgt",1,10,437.164955,42.368889,"ms/op",KOVAL_RENDEZVOUS_SPIN_1000,5,10000,250
"benchmarks.ChannelBenchmark.producerConsumer","avgt",1,10,168.712949,6.689059,"ms/op",KOVAL_RENDEZVOUS_SPIN_1000,20,10000,1
"benchmarks.ChannelBenchmark.producerConsumer","avgt",1,10,360.030326,62.812084,"ms/op",KOVAL_RENDEZVOUS_SPIN_1000,20,10000,2
"benchmarks.ChannelBenchmark.producerConsumer","avgt",1,10,213.953960,53.080965,"ms/op",KOVAL_RENDEZVOUS_SPIN_1000,20,10000,4
"benchmarks.ChannelBenchmark.producerConsumer","avgt",1,10,128.392851,23.844291,"ms/op",KOVAL_RENDEZVOUS_SPIN_1000,20,10000,8
"benchmarks.ChannelBenchmark.producerConsumer","avgt",1,10,116.908811,23.374897,"ms/op",KOVAL_RENDEZVOUS_SPIN_1000,20,10000,12
"benchmarks.ChannelBenchmark.producerConsumer","avgt",1,10,109.785988,35.917444,"ms/op",KOVAL_RENDEZVOUS_SPIN_1000,20,10000,18
"benchmarks.ChannelBenchmark.producerConsumer","avgt",1,10,98.662380,25.561970,"ms/op",KOVAL_RENDEZVOUS_SPIN_1000,20,10000,24
"benchmarks.ChannelBenchmark.producerConsumer","avgt",1,10,85.299543,24.640611,"ms/op",KOVAL_RENDEZVOUS_SPIN_1000,20,10000,36
"benchmarks.ChannelBenchmark.producerConsumer","avgt",1,10,90.278767,8.345568,"ms/op",KOVAL_RENDEZVOUS_SPIN_1000,20,10000,48
"benchmarks.ChannelBenchmark.producerConsumer","avgt",1,10,88.667028,3.727003,"ms/op",KOVAL_RENDEZVOUS_SPIN_1000,20,10000,72
"benchmarks.ChannelBenchmark.producerConsumer","avgt",1,10,100.755261,4.665834,"ms/op",KOVAL_RENDEZVOUS_SPIN_1000,20,10000,98
"benchmarks.ChannelBenchmark.producerConsumer","avgt",1,10,106.604643,33.940156,"ms/op",KOVAL_RENDEZVOUS_SPIN_1000,20,10000,144
"benchmarks.ChannelBenchmark.producerConsumer","avgt",1,10,108.762512,7.287851,"ms/op",KOVAL_RENDEZVOUS_SPIN_1000,20,10000,160
"benchmarks.ChannelBenchmark.producerConsumer","avgt",1,10,101.762869,3.107815,"ms/op",KOVAL_RENDEZVOUS_SPIN_1000,20,10000,200
"benchmarks.ChannelBenchmark.producerConsumer","avgt",1,10,112.029935,7.399118,"ms/op",KOVAL_RENDEZVOUS_SPIN_1000,20,10000,250
"benchmarks.ChannelBenchmark.producerConsumer","avgt",1,10,151.721350,5.911052,"ms/op",KOVAL_RENDEZVOUS_SPIN_INF,1,10000,1
"benchmarks.ChannelBenchmark.producerConsumer","avgt",1,10,413.393176,97.291532,"ms/op",KOVAL_RENDEZVOUS_SPIN_INF,1,10000,2
"benchmarks.ChannelBenchmark.producerConsumer","avgt",1,10,439.682476,153.198929,"ms/op",KOVAL_RENDEZVOUS_SPIN_INF,1,10000,4
"benchmarks.ChannelBenchmark.producerConsumer","avgt",1,10,468.543509,157.091521,"ms/op",KOVAL_RENDEZVOUS_SPIN_INF,1,10000,8
"benchmarks.ChannelBenchmark.producerConsumer","avgt",1,10,588.696441,194.118007,"ms/op",KOVAL_RENDEZVOUS_SPIN_INF,1,10000,12
"benchmarks.ChannelBenchmark.producerConsumer","avgt",1,10,924.590712,254.764755,"ms/op",KOVAL_RENDEZVOUS_SPIN_INF,1,10000,18
"benchmarks.ChannelBenchmark.producerConsumer","avgt",1,10,1049.063380,362.089923,"ms/op",KOVAL_RENDEZVOUS_SPIN_INF,1,10000,24
"benchmarks.ChannelBenchmark.producerConsumer","avgt",1,10,1381.019807,232.672133,"ms/op",KOVAL_RENDEZVOUS_SPIN_INF,1,10000,36
"benchmarks.ChannelBenchmark.producerConsumer","avgt",1,10,1588.567117,146.526436,"ms/op",KOVAL_RENDEZVOUS_SPIN_INF,1,10000,48
"benchmarks.ChannelBenchmark.producerConsumer","avgt",1,10,1958.915594,189.102895,"ms/op",KOVAL_RENDEZVOUS_SPIN_INF,1,10000,72
"benchmarks.ChannelBenchmark.producerConsumer","avgt",1,10,2283.631207,199.291359,"ms/op",KOVAL_RENDEZVOUS_SPIN_INF,1,10000,98
"benchmarks.ChannelBenchmark.producerConsumer","avgt",1,10,2603.569297,114.841060,"ms/op",KOVAL_RENDEZVOUS_SPIN_INF,1,10000,144
"benchmarks.ChannelBenchmark.producerConsumer","avgt",1,10,3318.710701,147.291274,"ms/op",KOVAL_RENDEZVOUS_SPIN_INF,1,10000,160
"benchmarks.ChannelBenchmark.producerConsumer","avgt",1,10,4333.462684,185.160034,"ms/op",KOVAL_RENDEZVOUS_SPIN_INF,1,10000,200
"benchmarks.ChannelBenchmark.producerConsumer","avgt",1,10,4991.303817,379.771722,"ms/op",KOVAL_RENDEZVOUS_SPIN_INF,1,10000,250
"benchmarks.ChannelBenchmark.producerConsumer","avgt",1,10,152.781809,7.903085,"ms/op",KOVAL_RENDEZVOUS_SPIN_INF,2,10000,1
"benchmarks.ChannelBenchmark.producerConsumer","avgt",1,10,410.177556,66.336729,"ms/op",KOVAL_RENDEZVOUS_SPIN_INF,2,10000,2
"benchmarks.ChannelBenchmark.producerConsumer","avgt",1,10,275.335618,19.709633,"ms/op",KOVAL_RENDEZVOUS_SPIN_INF,2,10000,4
"benchmarks.ChannelBenchmark.producerConsumer","avgt",1,10,240.136834,55.113986,"ms/op",KOVAL_RENDEZVOUS_SPIN_INF,2,10000,8
"benchmarks.ChannelBenchmark.producerConsumer","avgt",1,10,280.302105,47.776502,"ms/op",KOVAL_RENDEZVOUS_SPIN_INF,2,10000,12
"benchmarks.ChannelBenchmark.producerConsumer","avgt",1,10,456.222209,142.984236,"ms/op",KOVAL_RENDEZVOUS_SPIN_INF,2,10000,18
"benchmarks.ChannelBenchmark.producerConsumer","avgt",1,10,536.342021,137.029588,"ms/op",KOVAL_RENDEZVOUS_SPIN_INF,2,10000,24
"benchmarks.ChannelBenchmark.producerConsumer","avgt",1,10,713.941791,95.533984,"ms/op",KOVAL_RENDEZVOUS_SPIN_INF,2,10000,36
"benchmarks.ChannelBenchmark.producerConsumer","avgt",1,10,764.378099,72.354236,"ms/op",KOVAL_RENDEZVOUS_SPIN_INF,2,10000,48
"benchmarks.ChannelBenchmark.producerConsumer","avgt",1,10,1041.333435,35.004237,"ms/op",KOVAL_RENDEZVOUS_SPIN_INF,2,10000,72
"benchmarks.ChannelBenchmark.producerConsumer","avgt",1,10,1155.527519,78.490643,"ms/op",KOVAL_RENDEZVOUS_SPIN_INF,2,10000,98
"benchmarks.ChannelBenchmark.producerConsumer","avgt",1,10,1507.569596,79.121666,"ms/op",KOVAL_RENDEZVOUS_SPIN_INF,2,10000,144
"benchmarks.ChannelBenchmark.producerConsumer","avgt",1,10,1452.954454,141.943097,"ms/op",KOVAL_RENDEZVOUS_SPIN_INF,2,10000,160
"benchmarks.ChannelBenchmark.producerConsumer","avgt",1,10,1932.942443,227.201452,"ms/op",KOVAL_RENDEZVOUS_SPIN_INF,2,10000,200
"benchmarks.ChannelBenchmark.producerConsumer","avgt",1,10,2396.093822,240.913790,"ms/op",KOVAL_RENDEZVOUS_SPIN_INF,2,10000,250
"benchmarks.ChannelBenchmark.producerConsumer","avgt",1,10,167.530161,8.347581,"ms/op",KOVAL_RENDEZVOUS_SPIN_INF,5,10000,1
"benchmarks.ChannelBenchmark.producerConsumer","avgt",1,10,361.338304,89.038535,"ms/op",KOVAL_RENDEZVOUS_SPIN_INF,5,10000,2
"benchmarks.ChannelBenchmark.producerConsumer","avgt",1,10,226.472836,23.806282,"ms/op",KOVAL_RENDEZVOUS_SPIN_INF,5,10000,4
"benchmarks.ChannelBenchmark.producerConsumer","avgt",1,10,168.113511,89.903666,"ms/op",KOVAL_RENDEZVOUS_SPIN_INF,5,10000,8
"benchmarks.ChannelBenchmark.producerConsumer","avgt",1,10,155.605042,10.485843,"ms/op",KOVAL_RENDEZVOUS_SPIN_INF,5,10000,12
"benchmarks.ChannelBenchmark.producerConsumer","avgt",1,10,192.098368,57.146357,"ms/op",KOVAL_RENDEZVOUS_SPIN_INF,5,10000,18
"benchmarks.ChannelBenchmark.producerConsumer","avgt",1,10,189.375154,67.495043,"ms/op",KOVAL_RENDEZVOUS_SPIN_INF,5,10000,24
"benchmarks.ChannelBenchmark.producerConsumer","avgt",1,10,272.096905,75.476855,"ms/op",KOVAL_RENDEZVOUS_SPIN_INF,5,10000,36
"benchmarks.ChannelBenchmark.producerConsumer","avgt",1,10,310.758245,34.381130,"ms/op",KOVAL_RENDEZVOUS_SPIN_INF,5,10000,48
"benchmarks.ChannelBenchmark.producerConsumer","avgt",1,10,353.211795,18.425857,"ms/op",KOVAL_RENDEZVOUS_SPIN_INF,5,10000,72
"benchmarks.ChannelBenchmark.producerConsumer","avgt",1,10,440.418738,20.981749,"ms/op",KOVAL_RENDEZVOUS_SPIN_INF,5,10000,98
"benchmarks.ChannelBenchmark.producerConsumer","avgt",1,10,523.289091,115.245956,"ms/op",KOVAL_RENDEZVOUS_SPIN_INF,5,10000,144
"benchmarks.ChannelBenchmark.producerConsumer","avgt",1,10,660.751260,49.163907,"ms/op",KOVAL_RENDEZVOUS_SPIN_INF,5,10000,160
"benchmarks.ChannelBenchmark.producerConsumer","avgt",1,10,703.319093,49.888383,"ms/op",KOVAL_RENDEZVOUS_SPIN_INF,5,10000,200
"benchmarks.ChannelBenchmark.producerConsumer","avgt",1,10,856.449244,154.424943,"ms/op",KOVAL_RENDEZVOUS_SPIN_INF,5,10000,250
"benchmarks.ChannelBenchmark.producerConsumer","avgt",1,10,170.308257,6.163074,"ms/op",KOVAL_RENDEZVOUS_SPIN_INF,20,10000,1
"benchmarks.ChannelBenchmark.producerConsumer","avgt",1,10,336.657256,65.951790,"ms/op",KOVAL_RENDEZVOUS_SPIN_INF,20,10000,2
"benchmarks.ChannelBenchmark.producerConsumer","avgt",1,10,233.022496,40.666024,"ms/op",KOVAL_RENDEZVOUS_SPIN_INF,20,10000,4
"benchmarks.ChannelBenchmark.producerConsumer","avgt",1,10,120.556622,21.851890,"ms/op",KOVAL_RENDEZVOUS_SPIN_INF,20,10000,8
"benchmarks.ChannelBenchmark.producerConsumer","avgt",1,10,133.646684,51.504991,"ms/op",KOVAL_RENDEZVOUS_SPIN_INF,20,10000,12
"benchmarks.ChannelBenchmark.producerConsumer","avgt",1,10,128.614508,34.658688,"ms/op",KOVAL_RENDEZVOUS_SPIN_INF,20,10000,18
"benchmarks.ChannelBenchmark.producerConsumer","avgt",1,10,88.110201,28.612076,"ms/op",KOVAL_RENDEZVOUS_SPIN_INF,20,10000,24
"benchmarks.ChannelBenchmark.producerConsumer","avgt",1,10,94.261568,23.243142,"ms/op",KOVAL_RENDEZVOUS_SPIN_INF,20,10000,36
"benchmarks.ChannelBenchmark.producerConsumer","avgt",1,10,97.296653,8.570135,"ms/op",KOVAL_RENDEZVOUS_SPIN_INF,20,10000,48
"benchmarks.ChannelBenchmark.producerConsumer","avgt",1,10,102.046070,11.003148,"ms/op",KOVAL_RENDEZVOUS_SPIN_INF,20,10000,72
"benchmarks.ChannelBenchmark.producerConsumer","avgt",1,10,103.489145,7.171928,"ms/op",KOVAL_RENDEZVOUS_SPIN_INF,20,10000,98
"benchmarks.ChannelBenchmark.producerConsumer","avgt",1,10,119.341370,11.002237,"ms/op",KOVAL_RENDEZVOUS_SPIN_INF,20,10000,144
"benchmarks.ChannelBenchmark.producerConsumer","avgt",1,10,144.869139,18.151552,"ms/op",KOVAL_RENDEZVOUS_SPIN_INF,20,10000,160
"benchmarks.ChannelBenchmark.producerConsumer","avgt",1,10,205.691148,18.904662,"ms/op",KOVAL_RENDEZVOUS_SPIN_INF,20,10000,200
"benchmarks.ChannelBenchmark.producerConsumer","avgt",1,10,237.353117,30.841707,"ms/op",KOVAL_RENDEZVOUS_SPIN_INF,20,10000,250
